z,xmin,xmax,ymin,ymax,center_x,center_y,half_width_x,half_width_y,half_width
0.45,48.25,77.75,40.75,70.25,63.0,55.5,14.75,14.75,15.0
0.55,48.25,77.75,40.75,70.25,63.0,55.5,14.75,14.75,15.0
0.65,48.25,77.75,40.75,70.25,63.0,55.5,14.75,14.75,15.0
0.75,48.25,77.75,40.75,70.25,63.0,55.5,14.75,14.75,15.0
0.85,48.25,77.75,40.75,70.25,63.0,55.5,14.75,14.75,15.0
0.95,48.25,77.75,40.75,70.25,63.0,55.5,14.75,14.75,15.0
1.05,48.25,77.75,40.75,70.25,63.0,55.5,14.75,14.75,15.0
1.15,48.25,77.75,40.75,70.25,63.0,55.5,14.75,14.75,15.0
1.25,48.25,77.75,40.75,70.25,63.0,55.5,14.75,14.75,15.0
1.35,48.25,77.75,40.75,70.25,63.0,55.5,14.75,14.75,15.0
1.45,48.25,77.75,40.75,70.25,63.0,55.5,14.75,14.75,15.0
1.55,48.25,77.75,40.75,70.25,63.0,55.5,14.75,14.75,15.0
1.65,48.25,77.75,40.75,70.25,63.0,55.5,14.75,14.75,15.0
1.75,48.25,77.75,40.75,70.25,63.0,55.5,14.75,14.75,15.0
1.85,48.25,77.75,40.75,70.25,63.0,55.5,14.75,14.75,15.0
1.95,48.25,77.75,40.75,70.25,63.0,55.5,14.75,14.75,15.0
2.05,48.25,77.75,40.75,70.25,63.0,55.5,14.75,14.75,15.0
2.15,48.25,77.75,40.75,70.25,63.0,55.5,14.75,14.75,15.0
2.25,48.25,77.75,40.75,70.25,63.0,55.5,14.75,14.75,15.0
2.35,48.25,77.75,40.75,70.25,63.0,55.5,14.75,14.75,15.0
2.45,48.25,77.75,40.75,70.25,63.0,55.5,14.75,14.75,15.0
2.55,48.25,77.75,40.75,70.25,63.0,55.5,14.75,14.75,15.0
2.65,48.25,77.75,40.75,70.25,63.0,55.5,14.75,14.75,15.0
2.75,48.25,77.75,40.75,70.25,63.0,55.5,14.75,14.75,15.0
2.85,48.25,77.75,40.75,70.25,63.0,55.5,14.75,14.75,15.0
2.95,48.25,77.75,40.75,70.25,63.0,55.5,14.75,14.75,15.0
3.05,48.25,77.75,40.75,70.25,63.0,55.5,14.75,14.75,15.0
3.15,48.25,77.75,40.75,70.25,63.0,55.5,14.75,14.75,15.0
3.25,48.25,77.75,40.75,70.25,63.0,55.5,14.75,14.75,15.0
3.35,48.25,77.75,40.75,70.25,63.0,55.5,14.75,14.75,15.0
3.45,48.25,77.75,40.75,70.25,63.0,55.5,14.75,14.75,15.0
3.55,48.25,77.75,40.75,70.25,63.0,55.5,14.75,14.75,15.0
3.65,48.25,77.75,40.75,70.25,63.0,55.5,14.75,14.75,15.0
3.75,48.25,77.75,40.75,70.25,63.0,55.5,14.75,14.75,15.0
3.85,48.25,77.75,40.75,70.25,63.0,55.5,14.75,14.75,15.0
3.95,48.25,77.75,40.75,70.25,63.0,55.5,14.75,14.75,15.0
4.05,48.25,77.75,40.75,70.25,63.0,55.5,14.75,14.75,15.0
4.15,48.873,77.127,41.373,69.627,63.0,55.5,14.126999999999999,14.126999999999999,14.376999999999999
4.25,49.121,76.879,41.621,69.379,63.0,55.5,13.879000000000001,13.879000000000001,14.129000000000001
4.35,49.303,76.697,41.803,69.197,63.0,55.5,13.697000000000003,13.697000000000003,13.947000000000003
4.45,49.449,76.551,41.95,69.051,63.0,55.5005,13.551000000000002,13.5505,13.80075
4.55,49.572,76.428,42.073,68.928,63.0,55.5005,13.427999999999997,13.427499999999998,13.677749999999998
4.65,49.678,76.322,42.178,68.822,63.0,55.5,13.322000000000003,13.322000000000003,13.572000000000003
4.75,49.769,76.231,42.27,68.731,63.0,55.5005,13.230999999999998,13.230499999999996,13.480749999999997
4.85,49.85,76.15,42.35,68.65,63.0,55.5,13.150000000000002,13.150000000000002,13.400000000000002
4.95,49.92,76.08,42.42,68.58,63.0,55.5,13.079999999999998,13.079999999999998,13.329999999999998
5.05,49.982,76.018,42.482,68.518,63.0,55.5,13.018,13.018,13.268
5.15,50.036,75.964,42.536,68.464,63.0,55.5,12.963999999999999,12.963999999999999,13.213999999999999
5.25,50.083,75.917,42.583,68.417,63.0,55.5,12.917000000000002,12.917000000000002,13.167000000000002
5.35,50.123,75.877,42.623,68.377,63.0,55.5,12.876999999999999,12.876999999999999,13.126999999999999
5.45,50.158,75.842,42.658,68.342,63.0,55.5,12.841999999999999,12.841999999999999,13.091999999999999
5.55,50.186,75.814,42.686,68.314,63.0,55.5,12.813999999999997,12.813999999999997,13.063999999999997
5.65,50.209,75.791,42.709,68.29,63.0,55.499500000000005,12.790999999999997,12.790500000000002,13.04075
5.75,50.227,75.773,42.727,68.273,63.0,55.5,12.773,12.773,13.023
5.85,50.24,75.76,42.74,68.26,63.0,55.5,12.760000000000002,12.760000000000002,13.010000000000002
5.95,50.247,75.753,42.747,68.253,63.0,55.5,12.753,12.753,13.003
6.05,50.25,75.75,42.75,68.25,63.0,55.5,12.75,12.75,13.0
6.15,50.247,75.753,42.747,68.253,63.0,55.5,12.753,12.753,13.003
6.25,50.24,75.76,42.74,68.26,63.0,55.5,12.760000000000002,12.760000000000002,13.010000000000002
6.35,50.227,75.773,42.727,68.273,63.0,55.5,12.773,12.773,13.023
6.45,50.209,75.791,42.709,68.29,63.0,55.499500000000005,12.790999999999997,12.790500000000002,13.04075
6.55,50.186,75.814,42.686,68.314,63.0,55.5,12.813999999999997,12.813999999999997,13.063999999999997
6.65,50.158,75.842,42.658,68.342,63.0,55.5,12.841999999999999,12.841999999999999,13.091999999999999
6.75,50.123,75.877,42.623,68.377,63.0,55.5,12.876999999999999,12.876999999999999,13.126999999999999
6.85,50.083,75.917,42.583,68.417,63.0,55.5,12.917000000000002,12.917000000000002,13.167000000000002
6.95,50.036,75.964,42.536,68.464,63.0,55.5,12.963999999999999,12.963999999999999,13.213999999999999
7.05,49.982,76.018,42.482,68.518,63.0,55.5,13.018,13.018,13.268
7.15,49.92,76.08,42.42,68.58,63.0,55.5,13.079999999999998,13.079999999999998,13.329999999999998
7.25,49.85,76.15,42.35,68.65,63.0,55.5,13.150000000000002,13.150000000000002,13.400000000000002
7.35,49.769,76.231,42.27,68.731,63.0,55.5005,13.230999999999998,13.230499999999996,13.480749999999997
7.45,49.678,76.322,42.178,68.822,63.0,55.5,13.322000000000003,13.322000000000003,13.572000000000003
7.55,49.572,76.428,42.073,68.928,63.0,55.5005,13.427999999999997,13.427499999999998,13.677749999999998
7.65,49.449,76.551,41.95,69.051,63.0,55.5005,13.551000000000002,13.5505,13.80075
7.75,49.303,76.697,41.803,69.197,63.0,55.5,13.697000000000003,13.697000000000003,13.947000000000003
7.85,49.121,76.879,41.621,69.379,63.0,55.5,13.879000000000001,13.879000000000001,14.129000000000001
7.95,48.873,77.127,41.373,69.627,63.0,55.5,14.126999999999999,14.126999999999999,14.376999999999999
8.05,48.25,77.75,40.75,70.25,63.0,55.5,14.75,14.75,15.0
8.15,48.25,77.75,40.75,70.25,63.0,55.5,14.75,14.75,15.0
8.25,48.25,77.75,40.75,70.25,63.0,55.5,14.75,14.75,15.0
8.35,48.25,77.75,40.75,70.25,63.0,55.5,14.75,14.75,15.0
8.45,48.25,77.75,40.75,70.25,63.0,55.5,14.75,14.75,15.0
8.55,48.25,77.75,40.75,70.25,63.0,55.5,14.75,14.75,15.0
8.65,48.25,77.75,40.75,70.25,63.0,55.5,14.75,14.75,15.0
8.75,48.25,77.75,40.75,70.25,63.0,55.5,14.75,14.75,15.0
8.85,48.25,77.75,40.75,70.25,63.0,55.5,14.75,14.75,15.0
8.95,48.25,77.75,40.75,70.25,63.0,55.5,14.75,14.75,15.0
9.05,48.25,77.75,40.75,70.25,63.0,55.5,14.75,14.75,15.0
9.15,48.25,77.75,40.75,70.25,63.0,55.5,14.75,14.75,15.0
9.25,48.25,77.75,40.75,70.25,63.0,55.5,14.75,14.75,15.0
9.35,48.25,77.75,40.75,70.25,63.0,55.5,14.75,14.75,15.0
9.45,48.25,77.75,40.75,70.25,63.0,55.5,14.75,14.75,15.0
9.55,48.25,77.75,40.75,70.25,63.0,55.5,14.75,14.75,15.0
9.65,48.25,77.75,40.75,70.25,63.0,55.5,14.75,14.75,15.0
9.75,48.25,77.75,40.75,70.25,63.0,55.5,14.75,14.75,15.0
9.85,48.25,77.75,40.75,70.25,63.0,55.5,14.75,14.75,15.0
9.95,48.25,77.75,40.75,70.25,63.0,55.5,14.75,14.75,15.0
10.05,48.25,77.75,40.75,70.25,63.0,55.5,14.75,14.75,15.0
10.15,48.25,77.75,40.75,70.25,63.0,55.5,14.75,14.75,15.0
10.25,48.25,77.75,40.75,70.25,63.0,55.5,14.75,14.75,15.0
10.35,48.25,77.75,40.75,70.25,63.0,55.5,14.75,14.75,15.0
10.45,48.25,77.75,40.75,70.25,63.0,55.5,14.75,14.75,15.0
10.55,48.25,77.75,40.75,70.25,63.0,55.5,14.75,14.75,15.0
10.65,48.25,77.75,40.75,70.25,63.0,55.5,14.75,14.75,15.0
10.75,48.25,77.75,40.75,70.25,63.0,55.5,14.75,14.75,15.0
10.85,48.25,77.75,40.75,70.25,63.0,55.5,14.75,14.75,15.0
10.95,48.25,77.75,40.75,70.25,63.0,55.5,14.75,14.75,15.0
11.05,48.25,77.75,40.75,70.25,63.0,55.5,14.75,14.75,15.0
11.15,48.25,77.75,40.75,70.25,63.0,55.5,14.75,14.75,15.0
11.25,48.25,77.75,40.75,70.25,63.0,55.5,14.75,14.75,15.0
11.35,48.25,77.75,40.75,70.25,63.0,55.5,14.75,14.75,15.0
11.45,48.25,77.75,40.75,70.25,63.0,55.5,14.75,14.75,15.0
11.55,48.25,77.75,40.75,70.25,63.0,55.5,14.75,14.75,15.0
11.65,48.25,77.75,40.75,70.25,63.0,55.5,14.75,14.75,15.0
11.75,48.25,77.75,40.75,70.25,63.0,55.5,14.75,14.75,15.0
11.85,48.25,77.75,40.75,70.25,63.0,55.5,14.75,14.75,15.0
11.95,48.25,77.75,40.75,70.25,63.0,55.5,14.75,14.75,15.0
12.05,48.25,77.75,40.75,70.25,63.0,55.5,14.75,14.75,15.0
12.15,48.341,77.659,40.841,70.159,63.0,55.5,14.659000000000002,14.659000000000002,14.909000000000002
12.25,48.432,77.568,40.932,70.068,63.0,55.5,14.567999999999998,14.567999999999998,14.817999999999998
12.35,48.523,77.477,41.023,69.977,63.0,55.5,14.477,14.477,14.727
12.45,48.614,77.386,41.114,69.886,63.0,55.5,14.386,14.386,14.636
12.55,48.705,77.295,41.205,69.795,63.0,55.5,14.295000000000002,14.295000000000002,14.545000000000002
12.65,48.796,77.204,41.296,69.704,63.0,55.5,14.203999999999997,14.203999999999997,14.453999999999997
12.75,48.887,77.113,41.387,69.613,63.0,55.5,14.113,14.113,14.363
12.85,48.978,77.022,41.478,69.522,63.0,55.5,14.022000000000002,14.022000000000002,14.272000000000002
12.95,49.07,76.93,41.57,69.43,63.0,55.5,13.930000000000003,13.930000000000003,14.180000000000003
13.05,49.161,76.839,41.661,69.339,63.0,55.5,13.838999999999999,13.838999999999999,14.088999999999999
13.15,49.252,76.748,41.752,69.248,63.0,55.5,13.748000000000001,13.748000000000001,13.998000000000001
13.25,49.343,76.657,41.843,69.157,63.0,55.5,13.656999999999996,13.656999999999996,13.906999999999996
13.35,49.433,76.567,41.933,69.067,63.0,55.5,13.566999999999997,13.566999999999997,13.816999999999997
13.45,49.517,76.483,42.017,68.983,63.0,55.5,13.483,13.483,13.733
13.55,49.601,76.399,42.101,68.899,63.0,55.5,13.399000000000001,13.399000000000001,13.649000000000001
13.65,49.684,76.316,42.184,68.816,63.0,55.5,13.316000000000003,13.316000000000003,13.566000000000003
13.75,49.768,76.232,42.268,68.732,63.0,55.5,13.232,13.232,13.482
13.85,49.851,76.149,42.351,68.649,63.0,55.5,13.149000000000001,13.149000000000001,13.399000000000001
13.95,49.935,76.065,42.435,68.565,63.0,55.5,13.064999999999998,13.064999999999998,13.314999999999998
14.05,50.019,75.981,42.519,68.481,63.0,55.5,12.980999999999998,12.980999999999998,13.230999999999998
14.15,50.102,75.898,42.602,68.398,63.0,55.5,12.898,12.898,13.148
14.25,50.186,75.814,42.686,68.314,63.0,55.5,12.813999999999997,12.813999999999997,13.063999999999997
14.35,50.27,75.73,42.77,68.23,63.0,55.5,12.73,12.73,12.98
14.45,50.353,75.647,42.853,68.147,63.0,55.5,12.647000000000002,12.647000000000002,12.897000000000002
14.55,50.437,75.563,42.937,68.063,63.0,55.5,12.563000000000002,12.563000000000002,12.813000000000002
14.65,50.521,75.479,43.021,67.979,63.0,55.5,12.479,12.479,12.729
14.75,50.6,75.4,43.1,67.9,63.0,55.5,12.400000000000002,12.400000000000002,12.650000000000002
14.85,50.676,75.324,43.176,67.824,63.0,55.5,12.323999999999998,12.323999999999998,12.573999999999998
14.95,50.753,75.247,43.253,67.747,63.0,55.5,12.247,12.247,12.497
15.05,50.83,75.17,43.33,67.67,63.0,55.5,12.170000000000002,12.170000000000002,12.420000000000002
15.15,50.907,75.093,43.407,67.593,63.0,55.5,12.093000000000004,12.093000000000004,12.343000000000004
15.25,50.983,75.017,43.483,67.517,63.0,55.5,12.017,12.017,12.267
15.35,51.06,74.94,43.56,67.44,63.0,55.5,11.939999999999998,11.939999999999998,12.189999999999998
15.45,51.137,74.863,43.637,67.363,63.0,55.5,11.863,11.863,12.113
15.55,51.214,74.786,43.714,67.286,63.0,55.5,11.786000000000001,11.786000000000001,12.036000000000001
15.65,51.29,74.71,43.79,67.21,63.0,55.5,11.709999999999997,11.709999999999997,11.959999999999997
15.75,51.367,74.633,43.867,67.133,63.0,55.5,11.633,11.633,11.883
15.85,51.444,74.556,43.944,67.056,63.0,55.5,11.555999999999997,11.555999999999997,11.805999999999997
15.95,51.521,74.479,44.021,66.979,63.0,55.5,11.479,11.479,11.729
16.05,51.597,74.403,44.097,66.903,63.0,55.5,11.403000000000002,11.403000000000002,11.653000000000002
16.15,51.67,74.33,44.17,66.83,63.0,55.5,11.329999999999998,11.329999999999998,11.579999999999998
16.25,51.742,74.258,44.242,66.758,63.0,55.5,11.258,11.258,11.508
16.35,51.814,74.186,44.314,66.686,63.0,55.5,11.186000000000003,11.186000000000003,11.436000000000003
16.45,51.886,74.114,44.386,66.614,63.0,55.5,11.114,11.114,11.364
16.55,51.958,74.042,44.458,66.542,63.0,55.5,11.042000000000002,11.042000000000002,11.292000000000002
16.65,52.029,73.971,44.529,66.471,63.0,55.5,10.971,10.971,11.221
16.75,52.101,73.899,44.601,66.399,63.0,55.5,10.899000000000001,10.899000000000001,11.149000000000001
16.85,52.171,73.829,44.671,66.329,63.0,55.5,10.828999999999997,10.828999999999997,11.078999999999997
16.95,52.24,73.76,44.74,66.26,63.0,55.5,10.760000000000002,10.760000000000002,11.010000000000002
17.05,52.308,73.692,44.808,66.192,63.0,55.5,10.691999999999997,10.691999999999997,10.941999999999997
17.15,52.377,73.623,44.877,66.123,63.0,55.5,10.623000000000001,10.623000000000001,10.873000000000001
17.25,52.446,73.554,44.946,66.054,63.0,55.5,10.554000000000002,10.554000000000002,10.804000000000002
17.35,52.514,73.486,45.014,65.986,63.0,55.5,10.486,10.486,10.736
17.45,52.583,73.417,45.083,65.917,63.0,55.5,10.417000000000002,10.417000000000002,10.667000000000002
17.55,52.65,73.35,45.15,65.85,63.0,55.5,10.349999999999998,10.349999999999998,10.599999999999998
17.65,52.716,73.284,45.216,65.784,63.0,55.5,10.284000000000002,10.284000000000002,10.534000000000002
17.75,52.782,73.218,45.282,65.718,63.0,55.5,10.218000000000004,10.218000000000004,10.468000000000004
17.85,52.847,73.153,45.347,65.653,63.0,55.5,10.153000000000002,10.153000000000002,10.403000000000002
17.95,52.913,73.087,45.413,65.587,63.0,55.5,10.087000000000003,10.087000000000003,10.337000000000003
18.05,52.979,73.021,45.479,65.521,63.0,55.5,10.021,10.021,10.271
18.15,53.044,72.956,45.544,65.456,63.0,55.5,9.956000000000003,9.956000000000003,10.206000000000003
18.25,53.109,72.891,45.609,65.391,63.0,55.5,9.891000000000002,9.891000000000002,10.141000000000002
18.35,53.172,72.828,45.672,65.328,63.0,55.5,9.828000000000003,9.828000000000003,10.078000000000003
18.45,53.235,72.765,45.735,65.265,63.0,55.5,9.765,9.765,10.015
18.55,53.297,72.703,45.797,65.203,63.0,55.5,9.703000000000003,9.703000000000003,9.953000000000003
18.65,53.36,72.64,45.86,65.14,63.0,55.5,9.64,9.64,9.89
18.75,53.423,72.577,45.923,65.077,63.0,55.5,9.576999999999998,9.576999999999998,9.826999999999998
18.85,53.486,72.514,45.986,65.014,63.0,55.5,9.514,9.514,9.764
18.95,53.548,72.452,46.048,64.952,63.0,55.5,9.451999999999998,9.451999999999998,9.701999999999998
19.05,53.609,72.391,46.109,64.891,63.0,55.5,9.391000000000002,9.391000000000002,9.641000000000002
19.15,53.668,72.332,46.168,64.832,63.0,55.5,9.331999999999997,9.331999999999997,9.581999999999997
19.25,53.728,72.272,46.228,64.772,63.0,55.5,9.272000000000002,9.272000000000002,9.522000000000002
19.35,53.788,72.212,46.288,64.712,63.0,55.5,9.212000000000003,9.212000000000003,9.462000000000003
19.45,53.848,72.152,46.348,64.652,63.0,55.5,9.152000000000001,9.152000000000001,9.402000000000001
19.55,53.908,72.092,46.408,64.592,63.0,55.5,9.091999999999999,9.091999999999999,9.341999999999999
19.65,53.967,72.033,46.467,64.533,63.0,55.5,9.033000000000001,9.033000000000001,9.283000000000001
19.75,54.026,71.974,46.526,64.474,63.0,55.5,8.974,8.974,9.224
19.85,54.083,71.917,46.583,64.417,63.0,55.5,8.917000000000002,8.917000000000002,9.167000000000002
19.95,54.14,71.86,46.64,64.36,63.0,55.5,8.86,8.86,9.11
20.05,54.197,71.803,46.697,64.303,63.0,55.5,8.802999999999997,8.802999999999997,9.052999999999997
20.15,54.254,71.746,46.754,64.246,63.0,55.5,8.745999999999999,8.745999999999999,8.995999999999999
20.25,54.311,71.689,46.811,64.189,63.0,55.5,8.688999999999997,8.688999999999997,8.938999999999997
20.35,54.368,71.632,46.868,64.132,63.0,55.5,8.632000000000001,8.632000000000001,8.882000000000001
20.45,54.425,71.575,46.925,64.075,63.0,55.5,8.575000000000003,8.575000000000003,8.825000000000003
20.55,54.48,71.52,46.98,64.02,63.0,55.5,8.52,8.52,8.77
20.65,54.535,71.465,47.035,63.965,63.0,55.5,8.465000000000003,8.465000000000003,8.715000000000003
20.75,54.589,71.411,47.089,63.911,63.0,55.5,8.411000000000001,8.411000000000001,8.661000000000001
20.85,54.643,71.357,47.143,63.857,63.0,55.5,8.357,8.357,8.607
20.95,54.697,71.303,47.197,63.803,63.0,55.5,8.302999999999997,8.302999999999997,8.552999999999997
21.05,54.751,71.249,47.251,63.749,63.0,55.5,8.248999999999999,8.249000000000002,8.499
21.15,54.806,71.194,47.306,63.694,63.0,55.5,8.194000000000003,8.194000000000003,8.444000000000003
21.25,54.86,71.14,47.36,63.64,63.0,55.5,8.14,8.14,8.39
21.35,54.911,71.089,47.411,63.589,63.0,55.5,8.088999999999999,8.088999999999999,8.338999999999999
21.45,54.963,71.037,47.463,63.537,63.0,55.5,8.037000000000003,8.036999999999999,8.287
21.55,55.015,70.985,47.515,63.485,63.0,55.5,7.984999999999999,7.984999999999999,8.235
21.65,55.066,70.934,47.566,63.434,63.0,55.5,7.9339999999999975,7.9339999999999975,8.183999999999997
21.75,55.118,70.882,47.618,63.382,63.0,55.5,7.8820000000000014,7.881999999999998,8.132
21.85,55.169,70.831,47.669,63.331,63.0,55.5,7.831000000000003,7.831000000000003,8.081000000000003
21.95,55.221,70.779,47.721,63.279,63.0,55.5,7.779,7.7790000000000035,8.029000000000002
22.05,55.272,70.728,47.772,63.228,63.0,55.5,7.727999999999998,7.7280000000000015,7.978
22.15,55.321,70.679,47.821,63.179,63.0,55.5,7.679000000000002,7.679000000000002,7.929000000000002
22.25,55.369,70.631,47.869,63.131,63.0,55.5,7.631,7.631,7.881
22.35,55.418,70.582,47.918,63.082,63.0,55.5,7.581999999999997,7.582000000000001,7.831999999999999
22.45,55.467,70.533,47.967,63.033,63.0,55.5,7.533000000000001,7.533000000000001,7.783000000000001
22.55,55.516,70.484,48.016,62.984,63.0,55.5,7.483999999999998,7.484000000000002,7.734
22.65,55.565,70.435,48.065,62.935,63.0,55.5,7.435000000000002,7.435000000000002,7.685000000000002
22.75,55.614,70.386,48.114,62.886,63.0,55.5,7.385999999999999,7.386000000000003,7.636000000000001
22.85,55.662,70.338,48.162,62.838,63.0,55.5,7.337999999999997,7.338000000000001,7.587999999999999
22.95,55.708,70.292,48.208,62.792,63.0,55.5,7.292000000000002,7.292000000000002,7.542000000000002
23.05,55.755,70.245,48.255,62.745,63.0,55.5,7.245000000000001,7.244999999999997,7.494999999999999
23.15,55.801,70.199,48.301,62.699,63.0,55.5,7.198999999999998,7.198999999999998,7.448999999999998
23.25,55.847,70.153,48.347,62.653,63.0,55.5,7.153000000000002,7.152999999999999,7.4030000000000005
23.35,55.894,70.106,48.394,62.606,63.0,55.5,7.105999999999998,7.106000000000002,7.356
23.45,55.94,70.06,48.44,62.56,63.0,55.5,7.060000000000002,7.060000000000002,7.310000000000002
23.55,55.986,70.014,48.486,62.514,63.0,55.5,7.013999999999999,7.014000000000003,7.264000000000001
23.65,56.031,69.969,48.531,62.469,63.0,55.5,6.968999999999998,6.969000000000001,7.218999999999999
23.75,56.075,69.925,48.575,62.425,63.0,55.5,6.924999999999997,6.924999999999997,7.174999999999997
23.85,56.119,69.881,48.619,62.381,63.0,55.5,6.881,6.881,7.131
23.95,56.163,69.837,48.663,62.337,63.0,55.5,6.837000000000003,6.837000000000003,7.087000000000003
