piece,y_px,z_mm,edge_x_px,half_width_px,half_width_mm
Pawn,432,23.921933,182,73,5.264423
Pawn,433,23.838290,181,74,5.336538
Pawn,434,23.754647,181,74,5.336538
Pawn,435,23.671004,180,75,5.408654
Pawn,436,23.587361,180,75,5.408654
Pawn,437,23.503717,180,75,5.408654
Pawn,438,23.420074,179,76,5.480769
Pawn,439,23.336431,179,76,5.480769
Pawn,440,23.252788,178,77,5.552885
Pawn,441,23.169145,178,77,5.552885
Pawn,442,23.085502,177,78,5.625000
Pawn,443,23.001859,177,78,5.625000
Pawn,444,22.918216,176,79,5.697115
Pawn,445,22.834572,176,79,5.697115
Pawn,446,22.750929,175,80,5.769231
Pawn,447,22.667286,175,80,5.769231
Pawn,448,22.583643,174,81,5.841346
Pawn,449,22.500000,174,81,5.841346
Pawn,450,22.416357,173,82,5.913462
Pawn,451,22.332714,173,82,5.913462
Pawn,452,22.249071,172,83,5.985577
Pawn,453,22.165428,172,83,5.985577
Pawn,454,22.081784,171,84,6.057692
Pawn,455,21.998141,171,84,6.057692
Pawn,456,21.914498,170,85,6.129808
Pawn,457,21.830855,170,85,6.129808
Pawn,458,21.747212,170,85,6.129808
Pawn,459,21.663569,169,86,6.201923
Pawn,460,21.579926,169,86,6.201923
Pawn,461,21.496283,168,87,6.274038
Pawn,462,21.412639,168,87,6.274038
Pawn,463,21.328996,167,88,6.346154
Pawn,464,21.245353,167,88,6.346154
Pawn,465,21.161710,166,89,6.418269
Pawn,466,21.078067,166,89,6.418269
Pawn,467,20.994424,165,90,6.490385
Pawn,468,20.910781,165,90,6.490385
Pawn,469,20.827138,164,91,6.562500
Pawn,470,20.743494,164,91,6.562500
Pawn,471,20.659851,163,92,6.634615
Pawn,472,20.576208,162,93,6.706731
Pawn,473,20.492565,162,93,6.706731
Pawn,474,20.408922,161,94,6.778846
Pawn,475,20.325279,160,95,6.850962
Pawn,476,20.241636,159,96,6.923077
Pawn,477,20.157993,159,96,6.923077
Pawn,478,20.074349,158,97,6.995192
Pawn,479,19.990706,157,98,7.067308
Pawn,480,19.907063,157,98,7.067308
Pawn,481,19.823420,156,99,7.139423
Pawn,482,19.739777,155,100,7.211538
Pawn,483,19.656134,155,100,7.211538
Pawn,484,19.572491,154,101,7.283654
Pawn,485,19.488848,153,102,7.355769
Pawn,486,19.405204,153,102,7.355769
Pawn,487,19.321561,152,103,7.427885
Pawn,488,19.237918,151,104,7.500000
Pawn,489,19.154275,151,104,7.500000
Pawn,490,19.070632,150,105,7.572115
Pawn,491,18.986989,149,106,7.644231
Pawn,492,18.903346,149,106,7.644231
Pawn,493,18.819703,148,107,7.716346
Pawn,494,18.736059,147,108,7.788462
Pawn,495,18.652416,147,108,7.788462
Pawn,496,18.568773,146,109,7.860577
Pawn,497,18.485130,145,110,7.932692
Pawn,498,18.401487,144,111,8.004808
Pawn,499,18.317844,144,111,8.004808
Pawn,500,18.234201,143,112,8.076923
Pawn,501,18.150558,142,113,8.149038
Pawn,502,18.066914,142,113,8.149038
Pawn,503,17.983271,141,114,8.221154
Pawn,504,17.899628,140,115,8.293269
Pawn,505,17.815985,140,115,8.293269
Pawn,506,17.732342,139,116,8.365385
Pawn,507,17.648699,138,117,8.437500
Pawn,508,17.565056,138,117,8.437500
Pawn,509,17.481413,137,118,8.509615
Pawn,510,17.397770,136,119,8.581731
Pawn,511,17.314126,136,119,8.581731
Pawn,512,17.230483,135,120,8.653846
Pawn,513,17.146840,134,121,8.725962
Pawn,514,17.063197,134,121,8.725962
Pawn,515,16.979554,133,122,8.798077
Pawn,516,16.895911,132,123,8.870192
Pawn,517,16.812268,131,124,8.942308
Pawn,518,16.728625,130,125,9.014423
Pawn,519,16.644981,129,126,9.086538
Pawn,520,16.561338,128,127,9.158654
Pawn,521,16.477695,127,128,9.230769
Pawn,522,16.394052,126,129,9.302885
Pawn,523,16.310409,124,131,9.447115
Pawn,524,16.226766,123,132,9.519231
Pawn,525,16.143123,122,133,9.591346
Pawn,526,16.059480,121,134,9.663462
Pawn,527,15.975836,120,135,9.735577
Pawn,528,15.892193,119,136,9.807692
Pawn,529,15.808550,118,137,9.879808
Pawn,530,15.724907,117,138,9.951923
Pawn,531,15.641264,116,139,10.024038
Pawn,532,15.557621,115,140,10.096154
Pawn,533,15.473978,114,141,10.168269
Pawn,534,15.390335,113,142,10.240385
Pawn,535,15.306691,112,143,10.312500
Pawn,536,15.223048,111,144,10.384615
Pawn,537,15.139405,110,145,10.456731
Pawn,538,15.055762,109,146,10.528846
Pawn,539,14.972119,108,147,10.600962
Pawn,540,14.888476,107,148,10.673077
Pawn,541,14.804833,106,149,10.745192
Pawn,542,14.721190,105,150,10.817308
Pawn,543,14.637546,104,151,10.889423
Pawn,544,14.553903,103,152,10.961538
Pawn,545,14.470260,102,153,11.033654
Pawn,546,14.386617,100,155,11.177885
Pawn,547,14.302974,99,156,11.250000
Pawn,548,14.219331,98,157,11.322115
Pawn,549,14.135688,97,158,11.394231
Pawn,550,14.052045,96,159,11.466346
Pawn,551,13.968401,95,160,11.538462
Pawn,552,13.884758,94,161,11.610577
Pawn,553,13.801115,93,162,11.682692
Pawn,554,13.717472,92,163,11.754808
Pawn,555,13.633829,91,164,11.826923
Pawn,556,13.550186,90,165,11.899038
Pawn,557,13.466543,89,166,11.971154
Pawn,558,13.382900,88,167,12.043269
Pawn,559,13.299257,87,168,12.115385
Pawn,560,13.215613,86,169,12.187500
Pawn,561,13.131970,85,170,12.259615
Pawn,562,13.048327,84,171,12.331731
Pawn,563,12.964684,83,172,12.403846
Pawn,564,12.881041,82,173,12.475962
Pawn,565,12.797398,81,174,12.548077
Pawn,566,12.713755,80,175,12.620192
Pawn,567,12.630112,79,176,12.692308
Pawn,568,12.546468,78,177,12.764423
Pawn,569,12.462825,76,179,12.908654
Pawn,570,12.379182,75,180,12.980769
Pawn,571,12.295539,74,181,13.052885
Pawn,572,12.211896,73,182,13.125000
Pawn,573,12.128253,72,183,13.197115
Pawn,574,12.044610,71,184,13.269231
Pawn,575,11.960967,70,185,13.341346
Pawn,576,11.877323,69,186,13.413462
Pawn,577,11.793680,68,187,13.485577
Pawn,578,11.710037,67,188,13.557692
Pawn,579,11.626394,66,189,13.629808
Pawn,580,11.542751,65,190,13.701923
Pawn,581,11.459108,64,191,13.774038
Pawn,582,11.375465,63,192,13.846154
Pawn,583,11.291822,62,193,13.918269
Pawn,584,11.208178,61,194,13.990385
Pawn,585,11.124535,60,195,14.062500
Pawn,586,11.040892,59,196,14.134615
Pawn,587,10.957249,58,197,14.206731
Pawn,588,10.873606,57,198,14.278846
Pawn,589,10.789963,56,199,14.350962
Pawn,590,10.706320,55,200,14.423077
Pawn,591,10.622677,53,202,14.567308
Pawn,592,10.539033,52,203,14.639423
Pawn,593,10.455390,51,204,14.711538
Pawn,594,10.371747,50,205,14.783654
Pawn,595,10.288104,49,206,14.855769
Pawn,596,10.204461,48,207,14.927885
Pawn,597,10.120818,48,207,14.927885
Pawn,598,10.037175,48,207,14.927885
Pawn,599,9.953532,47,208,15.000000
Pawn,600,9.869888,47,208,15.000000
Pawn,601,9.786245,47,208,15.000000
Pawn,602,9.702602,47,208,15.000000
Pawn,603,9.618959,47,208,15.000000
Pawn,604,9.535316,47,208,15.000000
Pawn,605,9.451673,47,208,15.000000
Pawn,606,9.368030,47,208,15.000000
Pawn,607,9.284387,47,208,15.000000
Pawn,608,9.200743,47,208,15.000000
Pawn,609,9.117100,47,208,15.000000
Pawn,610,9.033457,47,208,15.000000
Pawn,611,8.949814,47,208,15.000000
Pawn,612,8.866171,47,208,15.000000
Pawn,613,8.782528,47,208,15.000000
Pawn,614,8.698885,47,208,15.000000
Pawn,615,8.615242,47,208,15.000000
Pawn,616,8.531599,47,208,15.000000
Pawn,617,8.447955,47,208,15.000000
Pawn,618,8.364312,47,208,15.000000
Pawn,619,8.280669,47,208,15.000000
Pawn,620,8.197026,47,208,15.000000
Pawn,621,8.113383,47,208,15.000000
Pawn,622,8.029740,47,208,15.000000
Pawn,623,7.946097,47,208,15.000000
Pawn,624,7.862454,47,208,15.000000
Pawn,625,7.778810,47,208,15.000000
Pawn,626,7.695167,47,208,15.000000
Pawn,627,7.611524,47,208,15.000000
Pawn,628,7.527881,47,208,15.000000
Pawn,629,7.444238,47,208,15.000000
Pawn,630,7.360595,47,208,15.000000
Pawn,631,7.276952,47,208,15.000000
Pawn,632,7.193309,47,208,15.000000
Pawn,633,7.109665,47,208,15.000000
Pawn,634,7.026022,47,208,15.000000
Pawn,635,6.942379,47,208,15.000000
Pawn,636,6.858736,47,208,15.000000
Pawn,637,6.775093,48,207,14.927885
Pawn,638,6.691450,48,207,14.927885
Pawn,639,6.607807,55,200,14.423077
Pawn,640,6.524164,59,196,14.134615
Pawn,641,6.440520,62,193,13.918269
Pawn,642,6.356877,64,191,13.774038
Pawn,643,6.273234,66,189,13.629808
Pawn,644,6.189591,67,188,13.557692
Pawn,645,6.105948,69,186,13.413462
Pawn,646,6.022305,70,185,13.341346
Pawn,647,5.938662,71,184,13.269231
Pawn,648,5.855019,72,183,13.197115
Pawn,649,5.771375,73,182,13.125000
Pawn,650,5.687732,73,182,13.125000
Pawn,651,5.604089,74,181,13.052885
Pawn,652,5.520446,74,181,13.052885
Pawn,653,5.436803,75,180,12.980769
Pawn,654,5.353160,75,180,12.980769
Pawn,655,5.269517,75,180,12.980769
Pawn,656,5.185874,75,180,12.980769
Pawn,657,5.102230,75,180,12.980769
Pawn,658,5.018587,75,180,12.980769
Pawn,659,4.934944,75,180,12.980769
Pawn,660,4.851301,75,180,12.980769
Pawn,661,4.767658,75,180,12.980769
Pawn,662,4.684015,74,181,13.052885
Pawn,663,4.600372,74,181,13.052885
Pawn,664,4.516729,73,182,13.125000
Pawn,665,4.433086,72,183,13.197115
Pawn,666,4.349442,72,183,13.197115
Pawn,667,4.265799,71,184,13.269231
Pawn,668,4.182156,70,185,13.341346
Pawn,669,4.098513,69,186,13.413462
Pawn,670,4.014870,67,188,13.557692
Pawn,671,3.931227,65,190,13.701923
Pawn,672,3.847584,64,191,13.774038
Pawn,673,3.763941,62,193,13.918269
Pawn,674,3.680297,59,196,14.134615
Pawn,675,3.596654,54,201,14.495192
Pawn,676,3.513011,48,207,14.927885
Pawn,677,3.429368,48,207,14.927885
Pawn,678,3.345725,47,208,15.000000
Pawn,679,3.262082,47,208,15.000000
Pawn,680,3.178439,47,208,15.000000
Pawn,681,3.094796,47,208,15.000000
Pawn,682,3.011152,47,208,15.000000
Pawn,683,2.927509,47,208,15.000000
Pawn,684,2.843866,47,208,15.000000
Pawn,685,2.760223,47,208,15.000000
Pawn,686,2.676580,47,208,15.000000
Pawn,687,2.592937,47,208,15.000000
Pawn,688,2.509294,47,208,15.000000
Pawn,689,2.425651,47,208,15.000000
Pawn,690,2.342007,47,208,15.000000
Pawn,691,2.258364,47,208,15.000000
Pawn,692,2.174721,47,208,15.000000
Pawn,693,2.091078,47,208,15.000000
Pawn,694,2.007435,47,208,15.000000
Pawn,695,1.923792,47,208,15.000000
Pawn,696,1.840149,47,208,15.000000
Pawn,697,1.756506,47,208,15.000000
Pawn,698,1.672862,47,208,15.000000
Pawn,699,1.589219,47,208,15.000000
Pawn,700,1.505576,47,208,15.000000
Pawn,701,1.421933,47,208,15.000000
Pawn,702,1.338290,47,208,15.000000
Pawn,703,1.254647,47,208,15.000000
Pawn,704,1.171004,47,208,15.000000
Pawn,705,1.087361,47,208,15.000000
Pawn,706,1.003717,47,208,15.000000
Pawn,707,0.920074,47,208,15.000000
Pawn,708,0.836431,47,208,15.000000
Pawn,709,0.752788,47,208,15.000000
Pawn,710,0.669145,47,208,15.000000
Pawn,711,0.585502,47,208,15.000000
Pawn,712,0.501859,47,208,15.000000
Pawn,713,0.418216,47,208,15.000000
Pawn,714,0.334572,47,208,15.000000
Pawn,715,0.250929,47,208,15.000000
Pawn,716,0.167286,48,207,14.927885
Pawn,717,0.083643,48,207,14.927885
Bishop,476,23.881579,657,102,7.285714
Bishop,477,23.782895,658,103,7.357143
Bishop,478,23.684211,658,103,7.357143
Bishop,479,23.585526,659,104,7.428571
Bishop,480,23.486842,660,105,7.500000
Bishop,481,23.388158,660,105,7.500000
Bishop,482,23.289474,661,106,7.571429
Bishop,483,23.190789,662,107,7.642857
Bishop,484,23.092105,662,107,7.642857
Bishop,485,22.993421,663,108,7.714286
Bishop,486,22.894737,663,108,7.714286
Bishop,487,22.796053,664,109,7.785714
Bishop,488,22.697368,665,110,7.857143
Bishop,489,22.598684,665,110,7.857143
Bishop,490,22.500000,666,111,7.928571
Bishop,491,22.401316,667,112,8.000000
Bishop,492,22.302632,667,112,8.000000
Bishop,493,22.203947,668,113,8.071429
Bishop,494,22.105263,669,114,8.142857
Bishop,495,22.006579,669,114,8.142857
Bishop,496,21.907895,670,115,8.214286
Bishop,497,21.809211,671,116,8.285714
Bishop,498,21.710526,671,116,8.285714
Bishop,499,21.611842,672,117,8.357143
Bishop,500,21.513158,673,118,8.428571
Bishop,501,21.414474,673,118,8.428571
Bishop,502,21.315789,674,119,8.500000
Bishop,503,21.217105,675,120,8.571429
Bishop,504,21.118421,675,120,8.571429
Bishop,505,21.019737,676,121,8.642857
Bishop,506,20.921053,677,122,8.714286
Bishop,507,20.822368,677,122,8.714286
Bishop,508,20.723684,678,123,8.785714
Bishop,509,20.625000,679,124,8.857143
Bishop,510,20.526316,679,124,8.857143
Bishop,511,20.427632,680,125,8.928571
Bishop,512,20.328947,681,126,9.000000
Bishop,513,20.230263,681,126,9.000000
Bishop,514,20.131579,682,127,9.071429
Bishop,515,20.032895,683,128,9.142857
Bishop,516,19.934211,683,128,9.142857
Bishop,517,19.835526,684,129,9.214286
Bishop,518,19.736842,685,130,9.285714
Bishop,519,19.638158,685,130,9.285714
Bishop,520,19.539474,686,131,9.357143
Bishop,521,19.440789,687,132,9.428571
Bishop,522,19.342105,687,132,9.428571
Bishop,523,19.243421,688,133,9.500000
Bishop,524,19.144737,688,133,9.500000
Bishop,525,19.046053,689,134,9.571429
Bishop,526,18.947368,690,135,9.642857
Bishop,527,18.848684,691,136,9.714286
Bishop,528,18.750000,692,137,9.785714
Bishop,529,18.651316,693,138,9.857143
Bishop,530,18.552632,694,139,9.928571
Bishop,531,18.453947,695,140,10.000000
Bishop,532,18.355263,696,141,10.071429
Bishop,533,18.256579,697,142,10.142857
Bishop,534,18.157895,698,143,10.214286
Bishop,535,18.059211,699,144,10.285714
Bishop,536,17.960526,700,145,10.357143
Bishop,537,17.861842,701,146,10.428571
Bishop,538,17.763158,702,147,10.500000
Bishop,539,17.664474,703,148,10.571429
Bishop,540,17.565789,704,149,10.642857
Bishop,542,17.368421,706,151,10.785714
Bishop,543,17.269737,706,151,10.785714
Bishop,544,17.171053,707,152,10.857143
Bishop,545,17.072368,708,153,10.928571
Bishop,546,16.973684,709,154,11.000000
Bishop,547,16.875000,710,155,11.071429
Bishop,548,16.776316,711,156,11.142857
Bishop,549,16.677632,712,157,11.214286
Bishop,550,16.578947,713,158,11.285714
Bishop,551,16.480263,714,159,11.357143
Bishop,552,16.381579,715,160,11.428571
Bishop,553,16.282895,716,161,11.500000
Bishop,554,16.184211,717,162,11.571429
Bishop,555,16.085526,718,163,11.642857
Bishop,556,15.986842,719,164,11.714286
Bishop,557,15.888158,721,166,11.857143
Bishop,558,15.789474,722,167,11.928571
Bishop,559,15.690789,723,168,12.000000
Bishop,560,15.592105,724,169,12.071429
Bishop,561,15.493421,725,170,12.142857
Bishop,562,15.394737,726,171,12.214286
Bishop,563,15.296053,727,172,12.285714
Bishop,564,15.197368,728,173,12.357143
Bishop,565,15.098684,729,174,12.428571
Bishop,566,15.000000,730,175,12.500000
Bishop,567,14.901316,731,176,12.571429
Bishop,568,14.802632,732,177,12.642857
Bishop,569,14.703947,733,178,12.714286
Bishop,570,14.605263,735,180,12.857143
Bishop,571,14.506579,736,181,12.928571
Bishop,572,14.407895,737,182,13.000000
Bishop,573,14.309211,738,183,13.071429
Bishop,574,14.210526,739,184,13.142857
Bishop,575,14.111842,740,185,13.214286
Bishop,576,14.013158,741,186,13.285714
Bishop,577,13.914474,742,187,13.357143
Bishop,578,13.815789,743,188,13.428571
Bishop,579,13.717105,744,189,13.500000
Bishop,580,13.618421,745,190,13.571429
Bishop,581,13.519737,746,191,13.642857
Bishop,582,13.421053,747,192,13.714286
Bishop,583,13.322368,749,194,13.857143
Bishop,584,13.223684,750,195,13.928571
Bishop,585,13.125000,751,196,14.000000
Bishop,586,13.026316,752,197,14.071429
Bishop,587,12.927632,753,198,14.142857
Bishop,588,12.828947,754,199,14.214286
Bishop,589,12.730263,755,200,14.285714
Bishop,590,12.631579,756,201,14.357143
Bishop,591,12.532895,757,202,14.428571
Bishop,592,12.434211,758,203,14.500000
Bishop,593,12.335526,759,204,14.571429
Bishop,594,12.236842,760,205,14.642857
Bishop,595,12.138158,761,206,14.714286
Bishop,596,12.039474,763,208,14.857143
Bishop,598,11.842105,765,210,15.000000
Bishop,600,11.644737,765,210,15.000000
Bishop,601,11.546053,765,210,15.000000
Bishop,602,11.447368,765,210,15.000000
Bishop,603,11.348684,765,210,15.000000
Bishop,604,11.250000,765,210,15.000000
Bishop,605,11.151316,765,210,15.000000
Bishop,606,11.052632,765,210,15.000000
Bishop,607,10.953947,765,210,15.000000
Bishop,608,10.855263,765,210,15.000000
Bishop,609,10.756579,765,210,15.000000
Bishop,610,10.657895,765,210,15.000000
Bishop,611,10.559211,765,210,15.000000
Bishop,612,10.460526,765,210,15.000000
Bishop,613,10.361842,765,210,15.000000
Bishop,614,10.263158,765,210,15.000000
Bishop,615,10.164474,765,210,15.000000
Bishop,616,10.065789,765,210,15.000000
Bishop,617,9.967105,765,210,15.000000
Bishop,618,9.868421,765,210,15.000000
Bishop,619,9.769737,765,210,15.000000
Bishop,620,9.671053,765,210,15.000000
Bishop,621,9.572368,765,210,15.000000
Bishop,622,9.473684,765,210,15.000000
Bishop,623,9.375000,765,210,15.000000
Bishop,624,9.276316,765,210,15.000000
Bishop,625,9.177632,765,210,15.000000
Bishop,626,9.078947,765,210,15.000000
Bishop,627,8.980263,765,210,15.000000
Bishop,628,8.881579,765,210,15.000000
Bishop,629,8.782895,765,210,15.000000
Bishop,630,8.684211,765,210,15.000000
Bishop,631,8.585526,765,210,15.000000
Bishop,632,8.486842,765,210,15.000000
Bishop,633,8.388158,765,210,15.000000
Bishop,634,8.289474,765,210,15.000000
Bishop,635,8.190789,765,210,15.000000
Bishop,637,7.993421,756,201,14.357143
Bishop,638,7.894737,766,211,15.071429
Bishop,639,7.796053,757,202,14.428571
Bishop,640,7.697368,749,194,13.857143
Bishop,641,7.598684,747,192,13.714286
Bishop,642,7.500000,746,191,13.642857
Bishop,643,7.401316,744,189,13.500000
Bishop,644,7.302632,743,188,13.428571
Bishop,645,7.203947,742,187,13.357143
Bishop,646,7.105263,741,186,13.285714
Bishop,647,7.006579,741,186,13.285714
Bishop,648,6.907895,740,185,13.214286
Bishop,649,6.809211,740,185,13.214286
Bishop,650,6.710526,739,184,13.142857
Bishop,651,6.611842,739,184,13.142857
Bishop,652,6.513158,738,183,13.071429
Bishop,653,6.414474,738,183,13.071429
Bishop,654,6.315789,738,183,13.071429
Bishop,655,6.217105,737,182,13.000000
Bishop,656,6.118421,737,182,13.000000
Bishop,657,6.019737,737,182,13.000000
Bishop,658,5.921053,737,182,13.000000
Bishop,659,5.822368,737,182,13.000000
Bishop,660,5.723684,738,183,13.071429
Bishop,661,5.625000,738,183,13.071429
Bishop,662,5.526316,738,183,13.071429
Bishop,663,5.427632,738,183,13.071429
Bishop,664,5.328947,739,184,13.142857
Bishop,665,5.230263,739,184,13.142857
Bishop,666,5.131579,740,185,13.214286
Bishop,667,5.032895,741,186,13.285714
Bishop,668,4.934211,741,186,13.285714
Bishop,669,4.835526,742,187,13.357143
Bishop,670,4.736842,743,188,13.428571
Bishop,671,4.638158,745,190,13.571429
Bishop,672,4.539474,746,191,13.642857
Bishop,673,4.440789,747,192,13.714286
Bishop,674,4.342105,749,194,13.857143
Bishop,675,4.243421,757,202,14.428571
Bishop,677,4.046053,757,202,14.428571
Bishop,679,3.848684,765,210,15.000000
Bishop,680,3.750000,765,210,15.000000
Bishop,681,3.651316,765,210,15.000000
Bishop,682,3.552632,765,210,15.000000
Bishop,683,3.453947,765,210,15.000000
Bishop,684,3.355263,765,210,15.000000
Bishop,685,3.256579,765,210,15.000000
Bishop,686,3.157895,765,210,15.000000
Bishop,687,3.059211,765,210,15.000000
Bishop,688,2.960526,765,210,15.000000
Bishop,689,2.861842,765,210,15.000000
Bishop,690,2.763158,765,210,15.000000
Bishop,691,2.664474,765,210,15.000000
Bishop,692,2.565789,765,210,15.000000
Bishop,693,2.467105,765,210,15.000000
Bishop,694,2.368421,765,210,15.000000
Bishop,695,2.269737,765,210,15.000000
Bishop,696,2.171053,765,210,15.000000
Bishop,697,2.072368,765,210,15.000000
Bishop,698,1.973684,765,210,15.000000
Bishop,699,1.875000,765,210,15.000000
Bishop,700,1.776316,765,210,15.000000
Bishop,701,1.677632,765,210,15.000000
Bishop,702,1.578947,765,210,15.000000
Bishop,703,1.480263,765,210,15.000000
Bishop,704,1.381579,765,210,15.000000
Bishop,705,1.282895,765,210,15.000000
Bishop,706,1.184211,765,210,15.000000
Bishop,707,1.085526,765,210,15.000000
Bishop,708,0.986842,765,210,15.000000
Bishop,709,0.888158,765,210,15.000000
Bishop,710,0.789474,765,210,15.000000
Bishop,711,0.690789,765,210,15.000000
Bishop,712,0.592105,765,210,15.000000
Bishop,713,0.493421,765,210,15.000000
Bishop,714,0.394737,765,210,15.000000
Queen,480,23.868195,955,100,7.142857
Queen,481,23.767908,956,101,7.214286
Queen,482,23.667622,957,102,7.285714
Queen,483,23.567335,957,102,7.285714
Queen,484,23.467049,958,103,7.357143
Queen,485,23.366762,958,103,7.357143
Queen,486,23.266476,959,104,7.428571
Queen,487,23.166189,960,105,7.500000
Queen,488,23.065903,960,105,7.500000
Queen,489,22.965616,961,106,7.571429
Queen,490,22.865330,962,107,7.642857
Queen,491,22.765043,963,108,7.714286
Queen,492,22.664756,963,108,7.714286
Queen,493,22.564470,964,109,7.785714
Queen,494,22.464183,965,110,7.857143
Queen,495,22.363897,966,111,7.928571
Queen,496,22.263610,966,111,7.928571
Queen,497,22.163324,967,112,8.000000
Queen,498,22.063037,968,113,8.071429
Queen,499,21.962751,969,114,8.142857
Queen,500,21.862464,969,114,8.142857
Queen,501,21.762178,970,115,8.214286
Queen,502,21.661891,971,116,8.285714
Queen,503,21.561605,972,117,8.357143
Queen,504,21.461318,972,117,8.357143
Queen,505,21.361032,973,118,8.428571
Queen,506,21.260745,974,119,8.500000
Queen,507,21.160458,975,120,8.571429
Queen,508,21.060172,975,120,8.571429
Queen,509,20.959885,976,121,8.642857
Queen,510,20.859599,977,122,8.714286
Queen,511,20.759312,978,123,8.785714
Queen,512,20.659026,978,123,8.785714
Queen,513,20.558739,979,124,8.857143
Queen,514,20.458453,980,125,8.928571
Queen,515,20.358166,981,126,9.000000
Queen,516,20.257880,981,126,9.000000
Queen,517,20.157593,982,127,9.071429
Queen,518,20.057307,983,128,9.142857
Queen,519,19.957020,984,129,9.214286
Queen,520,19.856734,984,129,9.214286
Queen,521,19.756447,985,130,9.285714
Queen,522,19.656160,986,131,9.357143
Queen,523,19.555874,987,132,9.428571
Queen,524,19.455587,987,132,9.428571
Queen,525,19.355301,988,133,9.500000
Queen,526,19.255014,989,134,9.571429
Queen,527,19.154728,990,135,9.642857
Queen,528,19.054441,991,136,9.714286
Queen,529,18.954155,992,137,9.785714
Queen,530,18.853868,993,138,9.857143
Queen,531,18.753582,994,139,9.928571
Queen,532,18.653295,996,141,10.071429
Queen,533,18.553009,997,142,10.142857
Queen,534,18.452722,998,143,10.214286
Queen,535,18.352436,999,144,10.285714
Queen,536,18.252149,1000,145,10.357143
Queen,537,18.151862,1001,146,10.428571
Queen,538,18.051576,1002,147,10.500000
Queen,539,17.951289,1003,148,10.571429
Queen,540,17.851003,1004,149,10.642857
Queen,541,17.750716,1005,150,10.714286
Queen,542,17.650430,1006,151,10.785714
Queen,543,17.550143,1007,152,10.857143
Queen,544,17.449857,1008,153,10.928571
Queen,545,17.349570,1010,155,11.071429
Queen,546,17.249284,1011,156,11.142857
Queen,547,17.148997,1012,157,11.214286
Queen,548,17.048711,1013,158,11.285714
Queen,549,16.948424,1014,159,11.357143
Queen,550,16.848138,1015,160,11.428571
Queen,551,16.747851,1016,161,11.500000
Queen,552,16.647564,1017,162,11.571429
Queen,553,16.547278,1018,163,11.642857
Queen,554,16.446991,1019,164,11.714286
Queen,555,16.346705,1020,165,11.785714
Queen,556,16.246418,1021,166,11.857143
Queen,557,16.146132,1022,167,11.928571
Queen,558,16.045845,1024,169,12.071429
Queen,559,15.945559,1025,170,12.142857
Queen,560,15.845272,1026,171,12.214286
Queen,561,15.744986,1027,172,12.285714
Queen,562,15.644699,1028,173,12.357143
Queen,563,15.544413,1029,174,12.428571
Queen,564,15.444126,1030,175,12.500000
Queen,565,15.343840,1031,176,12.571429
Queen,566,15.243553,1032,177,12.642857
Queen,567,15.143266,1033,178,12.714286
Queen,568,15.042980,1034,179,12.785714
Queen,569,14.942693,1035,180,12.857143
Queen,570,14.842407,1036,181,12.928571
Queen,571,14.742120,1038,183,13.071429
Queen,572,14.641834,1039,184,13.142857
Queen,573,14.541547,1040,185,13.214286
Queen,574,14.441261,1041,186,13.285714
Queen,575,14.340974,1042,187,13.357143
Queen,576,14.240688,1043,188,13.428571
Queen,577,14.140401,1044,189,13.500000
Queen,578,14.040115,1045,190,13.571429
Queen,579,13.939828,1046,191,13.642857
Queen,580,13.839542,1047,192,13.714286
Queen,581,13.739255,1048,193,13.785714
Queen,582,13.638968,1049,194,13.857143
Queen,583,13.538682,1050,195,13.928571
Queen,584,13.438395,1051,196,14.000000
Queen,585,13.338109,1053,198,14.142857
Queen,586,13.237822,1054,199,14.214286
Queen,587,13.137536,1055,200,14.285714
Queen,588,13.037249,1056,201,14.357143
Queen,589,12.936963,1057,202,14.428571
Queen,590,12.836676,1058,203,14.500000
Queen,591,12.736390,1059,204,14.571429
Queen,592,12.636103,1060,205,14.642857
Queen,593,12.535817,1061,206,14.714286
Queen,594,12.435530,1062,207,14.785714
Queen,595,12.335244,1063,208,14.857143
Queen,596,12.234957,1064,209,14.928571
Queen,597,12.134670,1065,210,15.000000
Queen,598,12.034384,1065,210,15.000000
Queen,599,11.934097,1065,210,15.000000
Queen,600,11.833811,1065,210,15.000000
Queen,601,11.733524,1065,210,15.000000
Queen,602,11.633238,1065,210,15.000000
Queen,603,11.532951,1065,210,15.000000
Queen,604,11.432665,1065,210,15.000000
Queen,605,11.332378,1065,210,15.000000
Queen,606,11.232092,1065,210,15.000000
Queen,607,11.131805,1065,210,15.000000
Queen,608,11.031519,1065,210,15.000000
Queen,609,10.931232,1065,210,15.000000
Queen,610,10.830946,1065,210,15.000000
Queen,611,10.730659,1065,210,15.000000
Queen,612,10.630372,1065,210,15.000000
Queen,613,10.530086,1065,210,15.000000
Queen,614,10.429799,1065,210,15.000000
Queen,615,10.329513,1065,210,15.000000
Queen,616,10.229226,1065,210,15.000000
Queen,617,10.128940,1065,210,15.000000
Queen,618,10.028653,1065,210,15.000000
Queen,619,9.928367,1065,210,15.000000
Queen,620,9.828080,1065,210,15.000000
Queen,621,9.727794,1065,210,15.000000
Queen,622,9.627507,1065,210,15.000000
Queen,623,9.527221,1065,210,15.000000
Queen,624,9.426934,1065,210,15.000000
Queen,625,9.326648,1065,210,15.000000
Queen,626,9.226361,1065,210,15.000000
Queen,627,9.126074,1065,210,15.000000
Queen,628,9.025788,1065,210,15.000000
Queen,629,8.925501,1065,210,15.000000
Queen,630,8.825215,1065,210,15.000000
Queen,631,8.724928,1065,210,15.000000
Queen,632,8.624642,1065,210,15.000000
Queen,633,8.524355,1065,210,15.000000
Queen,634,8.424069,1065,210,15.000000
Queen,635,8.323782,1065,210,15.000000
Queen,636,8.223496,1065,210,15.000000
Queen,637,8.123209,1065,210,15.000000
Queen,638,8.022923,1065,210,15.000000
Queen,639,7.922636,1058,203,14.500000
Queen,640,7.822350,1053,198,14.142857
Queen,641,7.722063,1050,195,13.928571
Queen,642,7.621777,1049,194,13.857143
Queen,643,7.521490,1047,192,13.714286
Queen,644,7.421203,1045,190,13.571429
Queen,645,7.320917,1044,189,13.500000
Queen,646,7.220630,1043,188,13.428571
Queen,647,7.120344,1042,187,13.357143
Queen,648,7.020057,1041,186,13.285714
Queen,649,6.919771,1040,185,13.214286
Queen,650,6.819484,1039,184,13.142857
Queen,651,6.719198,1039,184,13.142857
Queen,652,6.618911,1038,183,13.071429
Queen,653,6.518625,1038,183,13.071429
Queen,654,6.418338,1038,183,13.071429
Queen,655,6.318052,1037,182,13.000000
Queen,656,6.217765,1037,182,13.000000
Queen,657,6.117479,1037,182,13.000000
Queen,658,6.017192,1037,182,13.000000
Queen,659,5.916905,1038,183,13.071429
Queen,660,5.816619,1038,183,13.071429
Queen,661,5.716332,1038,183,13.071429
Queen,662,5.616046,1038,183,13.071429
Queen,663,5.515759,1039,184,13.142857
Queen,664,5.415473,1040,185,13.214286
Queen,665,5.315186,1040,185,13.214286
Queen,666,5.214900,1041,186,13.285714
Queen,667,5.114613,1042,187,13.357143
Queen,668,5.014327,1043,188,13.428571
Queen,669,4.914040,1044,189,13.500000
Queen,670,4.813754,1045,190,13.571429
Queen,671,4.713467,1047,192,13.714286
Queen,672,4.613181,1049,194,13.857143
Queen,673,4.512894,1051,196,14.000000
Queen,674,4.412607,1054,199,14.214286
Queen,675,4.312321,1059,204,14.571429
Queen,676,4.212034,1065,210,15.000000
Queen,677,4.111748,1065,210,15.000000
Queen,678,4.011461,1065,210,15.000000
Queen,679,3.911175,1065,210,15.000000
Queen,680,3.810888,1065,210,15.000000
Queen,681,3.710602,1065,210,15.000000
Queen,682,3.610315,1065,210,15.000000
Queen,683,3.510029,1065,210,15.000000
Queen,684,3.409742,1065,210,15.000000
Queen,685,3.309456,1065,210,15.000000
Queen,686,3.209169,1065,210,15.000000
Queen,687,3.108883,1065,210,15.000000
Queen,688,3.008596,1065,210,15.000000
Queen,689,2.908309,1065,210,15.000000
Queen,690,2.808023,1065,210,15.000000
Queen,691,2.707736,1065,210,15.000000
Queen,692,2.607450,1065,210,15.000000
Queen,693,2.507163,1065,210,15.000000
Queen,694,2.406877,1065,210,15.000000
Queen,695,2.306590,1065,210,15.000000
Queen,696,2.206304,1065,210,15.000000
Queen,697,2.106017,1065,210,15.000000
Queen,698,2.005731,1065,210,15.000000
Queen,699,1.905444,1065,210,15.000000
Queen,700,1.805158,1065,210,15.000000
Queen,701,1.704871,1065,210,15.000000
Queen,702,1.604585,1065,210,15.000000
Queen,703,1.504298,1065,210,15.000000
Queen,704,1.404011,1065,210,15.000000
Queen,705,1.303725,1065,210,15.000000
Queen,706,1.203438,1065,210,15.000000
Queen,707,1.103152,1065,210,15.000000
Queen,708,1.002865,1065,210,15.000000
Queen,709,0.902579,1065,210,15.000000
Queen,710,0.802292,1065,210,15.000000
Queen,711,0.702006,1065,210,15.000000
Queen,712,0.601719,1065,210,15.000000
Queen,713,0.501433,1065,210,15.000000
Queen,714,0.401146,1065,210,15.000000
Queen,715,0.300860,1065,210,15.000000
Queen,716,0.200573,1065,210,15.000000
Queen,717,0.100287,1065,210,15.000000
