piece,z_mm,half_width_mm
Pawn,23.00373134,5.877403846
Pawn,23.08768657,5.841346154
Pawn,23.17164179,5.805288462
Pawn,23.25559701,5.769230769
Pawn,23.33955224,5.733173077
Pawn,23.42350746,5.697115385
Pawn,23.50746269,5.661057692
Pawn,23.59141791,5.661057692
Pawn,23.67537313,5.588942308
Pawn,23.75932836,5.588942308
Pawn,23.84328358,5.516826923
Pawn,23.92723881,5.516826923
Pawn,24.01119403,5.480769231
Pawn,24.09514925,5.444711538
Pawn,24.17910448,5.408653846
Pawn,24.2630597,5.372596154
Pawn,24.34701493,5.336538462
Pawn,24.43097015,5.300480769
Pawn,24.51492537,5.264423077
Pawn,24.5988806,5.228365385
Pawn,24.68283582,5.192307692
Pawn,24.76679104,5.15625
Pawn,24.85074627,5.120192308
Pawn,24.93470149,5.084134615
Pawn,25.01865672,5.084134615
Pawn,25.10261194,5.084134615
Pawn,25.18656716,5.048076923
Pawn,25.27052239,5.012019231
Pawn,25.35447761,5.012019231
Pawn,25.43843284,4.975961538
Pawn,25.52238806,4.939903846
Pawn,25.60634328,4.939903846
Pawn,25.69029851,4.903846154
Pawn,25.77425373,4.903846154
Pawn,25.85820896,4.867788462
Pawn,25.94216418,4.867788462
Pawn,26.0261194,4.831730769
Pawn,26.11007463,4.795673077
Pawn,26.19402985,4.795673077
Pawn,26.27798507,4.759615385
Pawn,26.3619403,4.759615385
Pawn,26.44589552,4.723557692
Pawn,26.52985075,4.723557692
Pawn,26.61380597,4.6875
Pawn,26.69776119,4.651442308
Pawn,26.78171642,4.651442308
Pawn,26.86567164,4.615384615
Pawn,26.94962687,4.615384615
Pawn,27.03358209,4.579326923
Pawn,27.11753731,4.579326923
Pawn,27.20149254,4.543269231
Pawn,27.28544776,4.507211538
Pawn,27.36940299,4.507211538
Pawn,27.45335821,4.471153846
Pawn,27.53731343,4.471153846
Pawn,27.62126866,4.435096154
Pawn,27.70522388,4.435096154
Pawn,27.7891791,4.399038462
Pawn,27.87313433,4.362980769
Pawn,27.95708955,4.362980769
Pawn,28.04104478,4.326923077
Pawn,28.125,4.290865385
Pawn,28.20895522,4.290865385
Pawn,28.29291045,4.290865385
Pawn,28.37686567,4.254807692
Pawn,28.4608209,4.21875
Pawn,28.54477612,4.21875
Pawn,28.62873134,4.182692308
Pawn,28.71268657,4.146634615
Pawn,28.79664179,4.146634615
Pawn,28.88059701,4.146634615
Pawn,28.96455224,4.110576923
Pawn,29.04850746,4.074519231
Pawn,29.13246269,4.074519231
Pawn,29.21641791,4.074519231
Pawn,29.30037313,4.074519231
Pawn,29.38432836,4.074519231
Pawn,29.46828358,4.038461538
Pawn,29.55223881,4.038461538
Pawn,29.63619403,4.038461538
Pawn,29.72014925,4.038461538
Pawn,29.80410448,4.002403846
Pawn,29.8880597,4.002403846
Pawn,29.97201493,4.002403846
Pawn,30.05597015,4.002403846
Pawn,30.13992537,4.002403846
Pawn,30.2238806,3.966346154
Pawn,30.30783582,3.966346154
Pawn,30.39179104,3.966346154
Pawn,30.47574627,3.966346154
Pawn,30.55970149,3.930288462
Pawn,30.64365672,3.930288462
Pawn,30.72761194,3.930288462
Pawn,30.81156716,3.930288462
Pawn,30.89552239,3.930288462
Pawn,30.97947761,3.894230769
Pawn,31.06343284,3.894230769
Pawn,31.14738806,3.894230769
Pawn,31.23134328,3.894230769
Pawn,31.31529851,3.858173077
Pawn,31.39925373,3.858173077
Pawn,31.48320896,3.858173077
Pawn,31.56716418,3.858173077
Pawn,31.6511194,3.858173077
Pawn,31.73507463,3.858173077
Pawn,31.81902985,3.822115385
Pawn,31.90298507,3.822115385
Pawn,31.9869403,3.822115385
Pawn,32.07089552,3.786057692
Pawn,32.15485075,3.786057692
Pawn,32.23880597,3.786057692
Pawn,32.32276119,3.786057692
Pawn,32.40671642,3.786057692
Pawn,32.49067164,3.786057692
Pawn,32.57462687,3.75
Pawn,32.65858209,3.75
Pawn,32.74253731,3.75
Pawn,32.82649254,3.713942308
Pawn,32.91044776,3.713942308
Pawn,32.99440299,3.713942308
Pawn,33.07835821,3.713942308
Pawn,33.16231343,3.713942308
Pawn,33.24626866,3.786057692
Pawn,33.33022388,3.930288462
Pawn,33.4141791,4.074519231
Pawn,33.49813433,4.21875
Pawn,33.58208955,4.362980769
Pawn,33.66604478,4.507211538
Pawn,33.75,4.651442308
Pawn,33.83395522,4.795673077
Pawn,33.91791045,4.939903846
Pawn,34.00186567,5.084134615
Pawn,34.0858209,5.192307692
Pawn,34.16977612,5.264423077
Pawn,34.25373134,5.372596154
Pawn,34.33768657,5.444711538
Pawn,34.42164179,5.552884615
Pawn,34.50559701,5.625
Pawn,34.58955224,5.733173077
Pawn,34.67350746,5.805288462
Pawn,34.75746269,5.877403846
Pawn,34.84141791,5.985576923
Pawn,34.92537313,6.057692308
Pawn,35.00932836,6.165865385
Pawn,35.09328358,6.237980769
Pawn,35.17723881,6.346153846
Pawn,35.26119403,6.382211538
Pawn,35.34514925,6.454326923
Pawn,35.42910448,6.526442308
Pawn,35.5130597,6.5625
Pawn,35.59701493,6.634615385
Pawn,35.68097015,6.706730769
Pawn,35.76492537,6.742788462
Pawn,35.8488806,6.814903846
Pawn,35.93283582,6.850961538
Pawn,36.01679104,6.887019231
Pawn,36.10074627,6.959134615
Pawn,36.18470149,6.995192308
Pawn,36.26865672,7.03125
Pawn,36.35261194,7.103365385
Pawn,36.43656716,7.139423077
Pawn,36.52052239,7.175480769
Pawn,36.60447761,7.211538462
Pawn,36.68843284,7.247596154
Pawn,36.77238806,7.247596154
Pawn,36.85634328,7.283653846
Pawn,36.94029851,7.319711538
Pawn,37.02425373,7.355769231
Pawn,37.10820896,7.391826923
Pawn,37.19216418,7.427884615
Pawn,37.2761194,7.427884615
Pawn,37.36007463,7.463942308
Pawn,37.44402985,7.463942308
Pawn,37.52798507,7.5
Pawn,37.6119403,7.536057692
Pawn,37.69589552,7.536057692
Pawn,37.77985075,7.536057692
Pawn,37.86380597,7.572115385
Pawn,37.94776119,7.608173077
Pawn,38.03171642,7.608173077
Pawn,38.11567164,7.608173077
Pawn,38.19962687,7.608173077
Pawn,38.28358209,7.608173077
Pawn,38.36753731,7.608173077
Pawn,38.45149254,7.608173077
Pawn,38.53544776,7.644230769
Pawn,38.61940299,7.644230769
Pawn,38.70335821,7.644230769
Pawn,38.78731343,7.644230769
Pawn,38.87126866,7.644230769
Pawn,38.95522388,7.644230769
Pawn,39.0391791,7.644230769
Pawn,39.12313433,7.608173077
Pawn,39.20708955,7.608173077
Pawn,39.29104478,7.608173077
Pawn,39.375,7.608173077
Pawn,39.45895522,7.608173077
Pawn,39.54291045,7.608173077
Pawn,39.62686567,7.572115385
Pawn,39.7108209,7.536057692
Pawn,39.79477612,7.536057692
Pawn,39.87873134,7.5
Pawn,39.96268657,7.5
Pawn,40.04664179,7.463942308
Pawn,40.13059701,7.463942308
Pawn,40.21455224,7.427884615
Pawn,40.29850746,7.391826923
Pawn,40.38246269,7.391826923
Pawn,40.46641791,7.355769231
Pawn,40.55037313,7.319711538
Pawn,40.63432836,7.283653846
Pawn,40.71828358,7.247596154
Pawn,40.80223881,7.211538462
Pawn,40.88619403,7.175480769
Pawn,40.97014925,7.175480769
Pawn,41.05410448,7.103365385
Pawn,41.1380597,7.067307692
Pawn,41.22201493,7.03125
Pawn,41.30597015,6.959134615
Pawn,41.38992537,6.923076923
Pawn,41.4738806,6.887019231
Pawn,41.55783582,6.814903846
Pawn,41.64179104,6.778846154
Pawn,41.72574627,6.742788462
Pawn,41.80970149,6.670673077
Pawn,41.89365672,6.598557692
Pawn,41.97761194,6.5625
Pawn,42.06156716,6.490384615
Pawn,42.14552239,6.418269231
Pawn,42.22947761,6.382211538
Pawn,42.31343284,6.310096154
Pawn,42.39738806,6.237980769
Pawn,42.48134328,6.129807692
Pawn,42.56529851,6.057692308
Pawn,42.64925373,5.949519231
Pawn,42.73320896,5.877403846
Pawn,42.81716418,5.769230769
Pawn,42.9011194,5.697115385
Pawn,42.98507463,5.588942308
Pawn,43.06902985,5.516826923
Pawn,43.15298507,5.408653846
Pawn,43.2369403,5.300480769
Pawn,43.32089552,5.228365385
Pawn,43.40485075,5.15625
Pawn,43.48880597,5.048076923
Pawn,43.57276119,4.903846154
Pawn,43.65671642,4.759615385
Pawn,43.74067164,4.615384615
Pawn,43.82462687,4.435096154
Pawn,43.90858209,4.290865385
Pawn,43.99253731,4.146634615
Pawn,44.07649254,4.002403846
Pawn,44.16044776,3.858173077
Pawn,44.24440299,3.713942308
Pawn,44.32835821,3.569711538
Pawn,44.41231343,3.317307692
Pawn,44.49626866,3.064903846
Pawn,44.58022388,2.776442308
Pawn,44.6641791,2.524038462
Pawn,44.74813433,2.235576923
Pawn,44.83208955,1.983173077
Pawn,44.91604478,1.478365385
Pawn,45,0.612980769
Bishop,23.04635762,7.678571429
Bishop,23.14569536,7.642857143
Bishop,23.24503311,7.571428571
Bishop,23.34437086,7.535714286
Bishop,23.44370861,7.5
Bishop,23.54304636,7.428571429
Bishop,23.64238411,7.392857143
Bishop,23.74172185,7.357142857
Bishop,23.8410596,7.285714286
Bishop,23.94039735,7.25
Bishop,24.0397351,7.214285714
Bishop,24.13907285,7.142857143
Bishop,24.2384106,7.107142857
Bishop,24.33774834,7.071428571
Bishop,24.43708609,7
Bishop,24.53642384,6.964285714
Bishop,24.63576159,6.928571429
Bishop,24.73509934,6.857142857
Bishop,24.83443709,6.821428571
Bishop,24.93377483,6.785714286
Bishop,25.03311258,6.714285714
Bishop,25.13245033,6.678571429
Bishop,25.23178808,6.642857143
Bishop,25.33112583,6.607142857
Bishop,25.43046358,6.535714286
Bishop,25.52980132,6.5
Bishop,25.62913907,6.464285714
Bishop,25.72847682,6.392857143
Bishop,25.82781457,6.357142857
Bishop,25.92715232,6.321428571
Bishop,26.02649007,6.25
Bishop,26.12582781,6.214285714
Bishop,26.22516556,6.178571429
Bishop,26.32450331,6.142857143
Bishop,26.42384106,6.071428571
Bishop,26.52317881,6.035714286
Bishop,26.62251656,6
Bishop,26.7218543,5.928571429
Bishop,26.82119205,5.892857143
Bishop,26.9205298,5.857142857
Bishop,27.01986755,5.821428571
Bishop,27.1192053,5.785714286
Bishop,27.21854305,5.75
Bishop,27.31788079,5.714285714
Bishop,27.41721854,5.714285714
Bishop,27.51655629,5.678571429
Bishop,27.61589404,5.642857143
Bishop,27.71523179,5.607142857
Bishop,27.81456954,5.571428571
Bishop,27.91390728,5.571428571
Bishop,28.01324503,5.535714286
Bishop,28.11258278,5.5
Bishop,28.21192053,5.464285714
Bishop,28.31125828,5.428571429
Bishop,28.41059603,5.428571429
Bishop,28.50993377,5.392857143
Bishop,28.60927152,5.357142857
Bishop,28.70860927,5.321428571
Bishop,28.80794702,5.285714286
Bishop,28.90728477,5.285714286
Bishop,29.00662252,5.25
Bishop,29.10596026,5.214285714
Bishop,29.20529801,5.178571429
Bishop,29.30463576,5.178571429
Bishop,29.40397351,5.142857143
Bishop,29.50331126,5.107142857
Bishop,29.60264901,5.071428571
Bishop,29.70198675,5.035714286
Bishop,29.8013245,5.035714286
Bishop,29.90066225,5
Bishop,30,4.964285714
Bishop,30.09933775,4.928571429
Bishop,30.1986755,4.928571429
Bishop,30.29801325,4.892857143
Bishop,30.39735099,4.857142857
Bishop,30.49668874,4.821428571
Bishop,30.59602649,4.785714286
Bishop,30.69536424,4.785714286
Bishop,30.79470199,4.75
Bishop,30.89403974,4.714285714
Bishop,30.99337748,4.678571429
Bishop,31.09271523,4.642857143
Bishop,31.19205298,4.642857143
Bishop,31.29139073,4.607142857
Bishop,31.39072848,4.607142857
Bishop,31.49006623,4.571428571
Bishop,31.58940397,4.571428571
Bishop,31.68874172,4.535714286
Bishop,31.78807947,4.535714286
Bishop,31.88741722,4.5
Bishop,31.98675497,4.5
Bishop,32.08609272,4.5
Bishop,32.18543046,4.464285714
Bishop,32.28476821,4.428571429
Bishop,32.38410596,4.428571429
Bishop,32.48344371,4.428571429
Bishop,32.58278146,4.392857143
Bishop,32.68211921,4.392857143
Bishop,32.78145695,4.357142857
Bishop,32.8807947,4.357142857
Bishop,32.98013245,4.321428571
Bishop,33.0794702,4.321428571
Bishop,33.17880795,4.285714286
Bishop,33.2781457,4.285714286
Bishop,33.37748344,4.25
Bishop,33.47682119,4.25
Bishop,33.57615894,4.214285714
Bishop,33.67549669,4.214285714
Bishop,33.77483444,4.214285714
Bishop,33.87417219,4.178571429
Bishop,33.97350993,4.142857143
Bishop,34.07284768,4.142857143
Bishop,34.17218543,4.142857143
Bishop,34.27152318,4.107142857
Bishop,34.37086093,4.107142857
Bishop,34.47019868,4.071428571
Bishop,34.56953642,4.071428571
Bishop,34.66887417,4.035714286
Bishop,34.76821192,4.035714286
Bishop,34.86754967,4
Bishop,34.96688742,4
Bishop,35.06622517,3.964285714
Bishop,35.16556291,3.964285714
Bishop,35.26490066,3.928571429
Bishop,35.36423841,3.928571429
Bishop,35.46357616,3.928571429
Bishop,35.56291391,3.892857143
Bishop,35.66225166,3.892857143
Bishop,35.7615894,3.892857143
Bishop,35.86092715,3.892857143
Bishop,35.9602649,3.892857143
Bishop,36.05960265,3.857142857
Bishop,36.1589404,3.857142857
Bishop,36.25827815,3.857142857
Bishop,36.35761589,3.857142857
Bishop,36.45695364,3.857142857
Bishop,36.55629139,3.857142857
Bishop,36.65562914,3.857142857
Bishop,36.75496689,3.821428571
Bishop,36.85430464,3.821428571
Bishop,36.95364238,3.821428571
Bishop,37.05298013,3.821428571
Bishop,37.15231788,3.821428571
Bishop,37.25165563,3.785714286
Bishop,37.35099338,3.785714286
Bishop,37.45033113,3.785714286
Bishop,37.54966887,3.785714286
Bishop,37.64900662,3.785714286
Bishop,37.74834437,3.785714286
Bishop,37.84768212,3.785714286
Bishop,37.94701987,3.75
Bishop,38.04635762,3.75
Bishop,38.14569536,3.75
Bishop,38.24503311,3.75
Bishop,38.34437086,3.75
Bishop,38.44370861,3.75
Bishop,38.54304636,3.714285714
Bishop,38.64238411,3.714285714
Bishop,38.74172185,3.714285714
Bishop,38.8410596,3.714285714
Bishop,38.94039735,3.714285714
Bishop,39.0397351,3.714285714
Bishop,39.13907285,3.714285714
Bishop,39.2384106,3.678571429
Bishop,39.33774834,3.678571429
Bishop,39.43708609,3.678571429
Bishop,39.53642384,3.678571429
Bishop,39.63576159,3.678571429
Bishop,39.73509934,3.642857143
Bishop,39.83443709,3.642857143
Bishop,39.93377483,3.642857143
Bishop,40.03311258,3.642857143
Bishop,40.13245033,3.678571429
Bishop,40.23178808,3.678571429
Bishop,40.33112583,3.678571429
Bishop,40.43046358,3.678571429
Bishop,40.52980132,3.678571429
Bishop,40.62913907,3.678571429
Bishop,40.72847682,3.714285714
Bishop,40.82781457,3.714285714
Bishop,40.92715232,3.714285714
Bishop,41.02649007,3.714285714
Bishop,41.12582781,3.714285714
Bishop,41.22516556,3.714285714
Bishop,41.32450331,3.714285714
Bishop,41.42384106,3.714285714
Bishop,41.52317881,3.75
Bishop,41.62251656,3.75
Bishop,41.7218543,3.75
Bishop,41.82119205,3.75
Bishop,41.9205298,3.75
Bishop,42.01986755,3.785714286
Bishop,42.1192053,3.785714286
Bishop,42.21854305,3.785714286
Bishop,42.31788079,3.785714286
Bishop,42.41721854,3.785714286
Bishop,42.51655629,3.785714286
Bishop,42.61589404,3.785714286
Bishop,42.71523179,3.785714286
Bishop,42.81456954,3.821428571
Bishop,42.91390728,3.821428571
Bishop,43.01324503,3.821428571
Bishop,43.11258278,3.821428571
Bishop,43.21192053,3.821428571
Bishop,43.31125828,3.821428571
Bishop,43.41059603,3.857142857
Bishop,43.50993377,3.857142857
Bishop,43.60927152,3.857142857
Bishop,43.70860927,3.857142857
Bishop,43.80794702,3.857142857
Bishop,43.90728477,3.857142857
Bishop,44.00662252,3.857142857
Bishop,44.10596026,3.857142857
Bishop,44.20529801,3.892857143
Bishop,44.30463576,4.035714286
Bishop,44.40397351,4.178571429
Bishop,44.50331126,4.321428571
Bishop,44.60264901,4.428571429
Bishop,44.70198675,4.571428571
Bishop,44.8013245,4.714285714
Bishop,44.90066225,4.857142857
Bishop,45,4.964285714
Bishop,45.09933775,5.107142857
Bishop,45.1986755,5.25
Bishop,45.29801325,5.357142857
Bishop,45.39735099,5.5
Bishop,45.49668874,5.642857143
Bishop,45.59602649,5.75
Bishop,45.69536424,5.857142857
Bishop,45.79470199,5.964285714
Bishop,45.89403974,6.071428571
Bishop,45.99337748,6.142857143
Bishop,46.09271523,6.25
Bishop,46.19205298,6.321428571
Bishop,46.29139073,6.392857143
Bishop,46.39072848,6.464285714
Bishop,46.49006623,6.535714286
Bishop,46.58940397,6.607142857
Bishop,46.68874172,6.678571429
Bishop,46.78807947,6.75
Bishop,46.88741722,6.821428571
Bishop,46.98675497,6.892857143
Bishop,47.08609272,6.964285714
Bishop,47.18543046,7.035714286
Bishop,47.28476821,7.071428571
Bishop,47.38410596,7.142857143
Bishop,47.48344371,7.178571429
Bishop,47.58278146,7.214285714
Bishop,47.68211921,7.25
Bishop,47.78145695,7.285714286
Bishop,47.8807947,7.321428571
Bishop,47.98013245,7.357142857
Bishop,48.0794702,7.392857143
Bishop,48.17880795,7.428571429
Bishop,48.2781457,7.464285714
Bishop,48.37748344,7.5
Bishop,48.47682119,7.5
Bishop,48.57615894,7.535714286
Bishop,48.67549669,7.535714286
Bishop,48.77483444,7.571428571
Bishop,48.87417219,7.571428571
Bishop,48.97350993,7.571428571
Bishop,49.07284768,7.571428571
Bishop,49.17218543,7.571428571
Bishop,49.27152318,7.571428571
Bishop,49.37086093,7.607142857
Bishop,49.47019868,7.607142857
Bishop,49.56953642,7.607142857
Bishop,49.66887417,7.607142857
Bishop,49.76821192,7.607142857
Bishop,49.86754967,7.607142857
Bishop,49.96688742,7.571428571
Bishop,50.06622517,7.571428571
Bishop,50.16556291,7.571428571
Bishop,50.26490066,7.535714286
Bishop,50.36423841,7.535714286
Bishop,50.46357616,7.5
Bishop,50.56291391,7.5
Bishop,50.66225166,7.464285714
Bishop,50.7615894,7.464285714
Bishop,50.86092715,7.428571429
Bishop,50.9602649,7.428571429
Bishop,51.05960265,7.392857143
Bishop,51.1589404,7.357142857
Bishop,51.25827815,7.321428571
Bishop,51.35761589,7.285714286
Bishop,51.45695364,7.25
Bishop,51.55629139,7.214285714
Bishop,51.65562914,7.178571429
Bishop,51.75496689,7.142857143
Bishop,51.85430464,7.107142857
Bishop,51.95364238,7.071428571
Bishop,52.05298013,7
Bishop,52.15231788,6.964285714
Bishop,52.25165563,6.928571429
Bishop,52.35099338,6.892857143
Bishop,52.45033113,6.857142857
Bishop,52.54966887,6.821428571
Bishop,52.64900662,6.785714286
Bishop,52.74834437,6.714285714
Bishop,52.84768212,6.678571429
Bishop,52.94701987,6.642857143
Bishop,53.04635762,6.571428571
Bishop,53.14569536,6.5
Bishop,53.24503311,6.464285714
Bishop,53.34437086,6.392857143
Bishop,53.44370861,6.357142857
Bishop,53.54304636,6.285714286
Bishop,53.64238411,6.214285714
Bishop,53.74172185,6.178571429
Bishop,53.8410596,6.107142857
Bishop,53.94039735,6.035714286
Bishop,54.0397351,5.964285714
Bishop,54.13907285,5.892857143
Bishop,54.2384106,5.821428571
Bishop,54.33774834,5.714285714
Bishop,54.43708609,5.642857143
Bishop,54.53642384,5.535714286
Bishop,54.63576159,5.464285714
Bishop,54.73509934,5.392857143
Bishop,54.83443709,5.321428571
Bishop,54.93377483,5.25
Bishop,55.03311258,5.142857143
Bishop,55.13245033,5.071428571
Bishop,55.23178808,5
Bishop,55.33112583,4.928571429
Bishop,55.43046358,4.857142857
Bishop,55.52980132,4.785714286
Bishop,55.62913907,4.678571429
Bishop,55.72847682,4.607142857
Bishop,55.82781457,4.5
Bishop,55.92715232,4.428571429
Bishop,56.02649007,4.357142857
Bishop,56.12582781,4.285714286
Bishop,56.22516556,4.214285714
Bishop,56.32450331,4.142857143
Bishop,56.42384106,4.071428571
Bishop,56.52317881,4
Bishop,56.62251656,3.892857143
Bishop,56.7218543,3.571428571
Bishop,56.82119205,3.535714286
Bishop,56.9205298,3.5
Bishop,57.01986755,3.464285714
Bishop,57.1192053,3.392857143
Bishop,57.21854305,3.285714286
Bishop,57.31788079,3.214285714
Bishop,57.41721854,3.071428571
Bishop,57.51655629,3
Bishop,57.61589404,2.857142857
Bishop,57.71523179,2.75
Bishop,57.81456954,2.642857143
Bishop,57.91390728,2.5
Bishop,58.01324503,2.428571429
Bishop,58.11258278,2.285714286
Bishop,58.21192053,2.178571429
Bishop,58.31125828,2.071428571
Bishop,58.41059603,1.928571429
Bishop,58.50993377,1.857142857
Bishop,58.60927152,1.714285714
Bishop,58.70860927,1.607142857
Bishop,58.80794702,1.5
Bishop,58.90728477,1.357142857
Bishop,59.00662252,1.285714286
Bishop,59.10596026,1.142857143
Bishop,59.20529801,1.035714286
Bishop,59.30463576,0.928571429
Bishop,59.40397351,0.785714286
Bishop,59.50331126,0.714285714
Bishop,59.60264901,0.571428571
Bishop,59.70198675,0.464285714
Bishop,59.8013245,0.357142857
Bishop,59.90066225,0.25
Bishop,60,0.142857143
Queen,23.03030303,7.607142857
Queen,23.13131313,7.571428571
Queen,23.23232323,7.5
Queen,23.33333333,7.464285714
Queen,23.43434343,7.428571429
Queen,23.53535354,7.357142857
Queen,23.63636364,7.321428571
Queen,23.73737374,7.285714286
Queen,23.83838384,7.25
Queen,23.93939394,7.214285714
Queen,24.04040404,7.178571429
Queen,24.14141414,7.142857143
Queen,24.24242424,7.107142857
Queen,24.34343434,7.035714286
Queen,24.44444444,7
Queen,24.54545455,6.964285714
Queen,24.64646465,6.928571429
Queen,24.74747475,6.892857143
Queen,24.84848485,6.857142857
Queen,24.94949495,6.821428571
Queen,25.05050505,6.785714286
Queen,25.15151515,6.75
Queen,25.25252525,6.678571429
Queen,25.35353535,6.642857143
Queen,25.45454545,6.607142857
Queen,25.55555556,6.571428571
Queen,25.65656566,6.535714286
Queen,25.75757576,6.5
Queen,25.85858586,6.464285714
Queen,25.95959596,6.428571429
Queen,26.06060606,6.357142857
Queen,26.16161616,6.321428571
Queen,26.26262626,6.285714286
Queen,26.36363636,6.25
Queen,26.46464646,6.214285714
Queen,26.56565657,6.178571429
Queen,26.66666667,6.142857143
Queen,26.76767677,6.107142857
Queen,26.86868687,6.035714286
Queen,26.96969697,6
Queen,27.07070707,5.964285714
Queen,27.17171717,5.928571429
Queen,27.27272727,5.892857143
Queen,27.37373737,5.857142857
Queen,27.47474747,5.821428571
Queen,27.57575758,5.785714286
Queen,27.67676768,5.75
Queen,27.77777778,5.714285714
Queen,27.87878788,5.678571429
Queen,27.97979798,5.678571429
Queen,28.08080808,5.642857143
Queen,28.18181818,5.607142857
Queen,28.28282828,5.571428571
Queen,28.38383838,5.535714286
Queen,28.48484848,5.535714286
Queen,28.58585859,5.5
Queen,28.68686869,5.464285714
Queen,28.78787879,5.428571429
Queen,28.88888889,5.428571429
Queen,28.98989899,5.392857143
Queen,29.09090909,5.357142857
Queen,29.19191919,5.321428571
Queen,29.29292929,5.321428571
Queen,29.39393939,5.285714286
Queen,29.49494949,5.25
Queen,29.5959596,5.214285714
Queen,29.6969697,5.178571429
Queen,29.7979798,5.178571429
Queen,29.8989899,5.142857143
Queen,30,5.107142857
Queen,30.1010101,5.071428571
Queen,30.2020202,5.071428571
Queen,30.3030303,5.035714286
Queen,30.4040404,5
Queen,30.50505051,4.964285714
Queen,30.60606061,4.928571429
Queen,30.70707071,4.928571429
Queen,30.80808081,4.892857143
Queen,30.90909091,4.857142857
Queen,31.01010101,4.821428571
Queen,31.11111111,4.821428571
Queen,31.21212121,4.785714286
Queen,31.31313131,4.75
Queen,31.41414141,4.714285714
Queen,31.51515152,4.678571429
Queen,31.61616162,4.678571429
Queen,31.71717172,4.642857143
Queen,31.81818182,4.607142857
Queen,31.91919192,4.571428571
Queen,32.02020202,4.571428571
Queen,32.12121212,4.535714286
Queen,32.22222222,4.535714286
Queen,32.32323232,4.535714286
Queen,32.42424242,4.5
Queen,32.52525253,4.5
Queen,32.62626263,4.464285714
Queen,32.72727273,4.464285714
Queen,32.82828283,4.428571429
Queen,32.92929293,4.428571429
Queen,33.03030303,4.392857143
Queen,33.13131313,4.392857143
Queen,33.23232323,4.392857143
Queen,33.33333333,4.357142857
Queen,33.43434343,4.357142857
Queen,33.53535354,4.321428571
Queen,33.63636364,4.321428571
Queen,33.73737374,4.285714286
Queen,33.83838384,4.285714286
Queen,33.93939394,4.25
Queen,34.04040404,4.25
Queen,34.14141414,4.25
Queen,34.24242424,4.214285714
Queen,34.34343434,4.214285714
Queen,34.44444444,4.178571429
Queen,34.54545455,4.178571429
Queen,34.64646465,4.142857143
Queen,34.74747475,4.142857143
Queen,34.84848485,4.107142857
Queen,34.94949495,4.107142857
Queen,35.05050505,4.071428571
Queen,35.15151515,4.071428571
Queen,35.25252525,4.035714286
Queen,35.35353535,4.035714286
Queen,35.45454545,4.035714286
Queen,35.55555556,4
Queen,35.65656566,4
Queen,35.75757576,3.964285714
Queen,35.85858586,3.964285714
Queen,35.95959596,3.928571429
Queen,36.06060606,3.928571429
Queen,36.16161616,3.892857143
Queen,36.26262626,3.892857143
Queen,36.36363636,3.892857143
Queen,36.46464646,3.857142857
Queen,36.56565657,3.857142857
Queen,36.66666667,3.857142857
Queen,36.76767677,3.857142857
Queen,36.86868687,3.857142857
Queen,36.96969697,3.857142857
Queen,37.07070707,3.857142857
Queen,37.17171717,3.821428571
Queen,37.27272727,3.821428571
Queen,37.37373737,3.821428571
Queen,37.47474747,3.821428571
Queen,37.57575758,3.821428571
Queen,37.67676768,3.821428571
Queen,37.77777778,3.821428571
Queen,37.87878788,3.785714286
Queen,37.97979798,3.785714286
Queen,38.08080808,3.785714286
Queen,38.18181818,3.785714286
Queen,38.28282828,3.785714286
Queen,38.38383838,3.785714286
Queen,38.48484848,3.785714286
Queen,38.58585859,3.75
Queen,38.68686869,3.75
Queen,38.78787879,3.75
Queen,38.88888889,3.75
Queen,38.98989899,3.75
Queen,39.09090909,3.75
Queen,39.19191919,3.75
Queen,39.29292929,3.75
Queen,39.39393939,3.714285714
Queen,39.49494949,3.714285714
Queen,39.5959596,3.714285714
Queen,39.6969697,3.714285714
Queen,39.7979798,3.714285714
Queen,39.8989899,3.714285714
Queen,40,3.678571429
Queen,40.1010101,3.678571429
Queen,40.2020202,3.678571429
Queen,40.3030303,3.678571429
Queen,40.4040404,3.678571429
Queen,40.50505051,3.678571429
Queen,40.60606061,3.678571429
Queen,40.70707071,3.678571429
Queen,40.80808081,3.642857143
Queen,40.90909091,3.642857143
Queen,41.01010101,3.678571429
Queen,41.11111111,3.678571429
Queen,41.21212121,3.678571429
Queen,41.31313131,3.678571429
Queen,41.41414141,3.678571429
Queen,41.51515152,3.678571429
Queen,41.61616162,3.714285714
Queen,41.71717172,3.714285714
Queen,41.81818182,3.714285714
Queen,41.91919192,3.714285714
Queen,42.02020202,3.714285714
Queen,42.12121212,3.714285714
Queen,42.22222222,3.75
Queen,42.32323232,3.75
Queen,42.42424242,3.75
Queen,42.52525253,3.75
Queen,42.62626263,3.75
Queen,42.72727273,3.75
Queen,42.82828283,3.785714286
Queen,42.92929293,3.785714286
Queen,43.03030303,3.785714286
Queen,43.13131313,3.785714286
Queen,43.23232323,3.785714286
Queen,43.33333333,3.785714286
Queen,43.43434343,3.821428571
Queen,43.53535354,3.821428571
Queen,43.63636364,3.821428571
Queen,43.73737374,3.821428571
Queen,43.83838384,3.821428571
Queen,43.93939394,3.821428571
Queen,44.04040404,3.857142857
Queen,44.14141414,3.857142857
Queen,44.24242424,3.857142857
Queen,44.34343434,3.857142857
Queen,44.44444444,3.857142857
Queen,44.54545455,3.892857143
Queen,44.64646465,3.892857143
Queen,44.74747475,3.892857143
Queen,44.84848485,3.892857143
Queen,44.94949495,3.892857143
Queen,45.05050505,3.892857143
Queen,45.15151515,3.892857143
Queen,45.25252525,3.928571429
Queen,45.35353535,3.928571429
Queen,45.45454545,3.928571429
Queen,45.55555556,3.964285714
Queen,45.65656566,3.964285714
Queen,45.75757576,4
Queen,45.85858586,4
Queen,45.95959596,4.035714286
Queen,46.06060606,4.035714286
Queen,46.16161616,4.071428571
Queen,46.26262626,4.071428571
Queen,46.36363636,4.107142857
Queen,46.46464646,4.107142857
Queen,46.56565657,4.142857143
Queen,46.66666667,4.142857143
Queen,46.76767677,4.178571429
Queen,46.86868687,4.178571429
Queen,46.96969697,4.178571429
Queen,47.07070707,4.214285714
Queen,47.17171717,4.25
Queen,47.27272727,4.25
Queen,47.37373737,4.25
Queen,47.47474747,4.285714286
Queen,47.57575758,4.285714286
Queen,47.67676768,4.321428571
Queen,47.77777778,4.321428571
Queen,47.87878788,4.357142857
Queen,47.97979798,4.357142857
Queen,48.08080808,4.392857143
Queen,48.18181818,4.392857143
Queen,48.28282828,4.428571429
Queen,48.38383838,4.428571429
Queen,48.48484848,4.464285714
Queen,48.58585859,4.464285714
Queen,48.68686869,4.5
Queen,48.78787879,4.5
Queen,48.88888889,4.535714286
Queen,48.98989899,4.535714286
Queen,49.09090909,4.571428571
Queen,49.19191919,4.571428571
Queen,49.29292929,4.607142857
Queen,49.39393939,4.607142857
Queen,49.49494949,4.642857143
Queen,49.5959596,4.642857143
Queen,49.6969697,4.678571429
Queen,49.7979798,4.678571429
Queen,49.8989899,4.714285714
Queen,50,4.75
Queen,50.1010101,4.75
Queen,50.2020202,4.785714286
Queen,50.3030303,4.821428571
Queen,50.4040404,4.857142857
Queen,50.50505051,4.892857143
Queen,50.60606061,4.892857143
Queen,50.70707071,4.928571429
Queen,50.80808081,4.964285714
Queen,50.90909091,5
Queen,51.01010101,5.035714286
Queen,51.11111111,5.035714286
Queen,51.21212121,5.071428571
Queen,51.31313131,5.107142857
Queen,51.41414141,5.142857143
Queen,51.51515152,5.178571429
Queen,51.61616162,5.178571429
Queen,51.71717172,5.214285714
Queen,51.81818182,5.25
Queen,51.91919192,5.285714286
Queen,52.02020202,5.321428571
Queen,52.12121212,5.357142857
Queen,52.22222222,5.357142857
Queen,52.32323232,5.392857143
Queen,52.42424242,5.428571429
Queen,52.52525253,5.464285714
Queen,52.62626263,5.5
Queen,52.72727273,5.5
Queen,52.82828283,5.535714286
Queen,52.92929293,5.571428571
Queen,53.03030303,5.607142857
Queen,53.13131313,5.642857143
Queen,53.23232323,5.642857143
Queen,53.33333333,5.678571429
Queen,53.43434343,5.714285714
Queen,53.53535354,5.75
Queen,53.63636364,5.785714286
Queen,53.73737374,5.821428571
Queen,53.83838384,5.821428571
Queen,53.93939394,5.857142857
Queen,54.04040404,5.892857143
Queen,54.14141414,5.928571429
Queen,54.24242424,5.928571429
Queen,54.34343434,5.928571429
Queen,54.44444444,5.928571429
Queen,54.54545455,5.928571429
Queen,54.64646465,5.928571429
Queen,54.74747475,5.928571429
Queen,54.84848485,5.892857143
Queen,54.94949495,5.892857143
Queen,55.05050505,5.892857143
Queen,55.15151515,5.892857143
Queen,55.25252525,5.892857143
Queen,55.35353535,5.892857143
Queen,55.45454545,5.892857143
Queen,55.55555556,5.892857143
Queen,55.65656566,5.857142857
Queen,55.75757576,5.892857143
Queen,55.85858586,5.892857143
Queen,55.95959596,5.892857143
Queen,56.06060606,5.892857143
Queen,56.16161616,5.892857143
Queen,56.26262626,5.928571429
Queen,56.36363636,5.928571429
Queen,56.46464646,5.928571429
Queen,56.56565657,5.928571429
Queen,56.66666667,5.964285714
Queen,56.76767677,5.964285714
Queen,56.86868687,5.964285714
Queen,56.96969697,5.964285714
Queen,57.07070707,5.964285714
Queen,57.17171717,6
Queen,57.27272727,6.035714286
Queen,57.37373737,6.035714286
Queen,57.47474747,6.071428571
Queen,57.57575758,6.071428571
Queen,57.67676768,6.107142857
Queen,57.77777778,6.107142857
Queen,57.87878788,6.142857143
Queen,57.97979798,6.178571429
Queen,58.08080808,6.178571429
Queen,58.18181818,6.214285714
Queen,58.28282828,6.214285714
Queen,58.38383838,6.25
Queen,58.48484848,6.285714286
Queen,58.58585859,6.321428571
Queen,58.68686869,6.357142857
Queen,58.78787879,6.392857143
Queen,58.88888889,6.392857143
Queen,58.98989899,6.464285714
Queen,59.09090909,6.464285714
Queen,59.19191919,6.5
Queen,59.29292929,6.535714286
Queen,59.39393939,6.571428571
Queen,59.49494949,6.607142857
Queen,59.5959596,6.642857143
Queen,59.6969697,6.678571429
Queen,59.7979798,6.714285714
Queen,59.8989899,6.785714286
Queen,60,6.821428571
Queen,60.1010101,6.857142857
Queen,60.2020202,6.928571429
Queen,60.3030303,6.964285714
Queen,60.4040404,7.035714286
Queen,60.50505051,7.071428571
Queen,60.60606061,7.107142857
Queen,60.70707071,7.178571429
Queen,60.80808081,7.214285714
Queen,60.90909091,7.25
Queen,61.01010101,7.321428571
Queen,61.11111111,7.392857143
Queen,61.21212121,7.428571429
Queen,61.31313131,7.5
Queen,61.41414141,7.571428571
Queen,61.51515152,7.642857143
Queen,61.61616162,7.714285714
Queen,61.71717172,7.785714286
Queen,61.81818182,7.821428571
Queen,61.91919192,7.892857143
Queen,62.02020202,7.964285714
Queen,62.12121212,8.035714286
Queen,62.22222222,8.107142857
Queen,62.32323232,8.214285714
Queen,62.42424242,8.321428571
Queen,62.52525253,8.392857143
Queen,62.62626263,8.5
Queen,62.72727273,8.607142857
Queen,62.82828283,8.678571429
Queen,62.92929293,8.785714286
Queen,63.03030303,8.892857143
Queen,63.13131313,9
Queen,63.23232323,9.071428571
Queen,63.33333333,9.178571429
Queen,63.43434343,9.285714286
Queen,63.53535354,9.357142857
Queen,63.63636364,9.464285714
Queen,63.73737374,9.571428571
Queen,63.83838384,9.678571429
Queen,63.93939394,9.75
Queen,64.04040404,9.857142857
Queen,64.14141414,9.964285714
Queen,64.24242424,10.03571429
Queen,64.34343434,10.03571429
Queen,64.44444444,10
Queen,64.54545455,9.785714286
Queen,64.64646465,9.535714286
Queen,64.74747475,9.25
Queen,64.84848485,9
Queen,64.94949495,8.75
Queen,65.05050505,8.5
Queen,65.15151515,8.214285714
Queen,65.25252525,7.964285714
Queen,65.35353535,7.75
Queen,65.45454545,7.571428571
Queen,65.55555556,7.428571429
Queen,65.65656566,7.25
Queen,65.75757576,7.107142857
Queen,65.85858586,6.928571429
Queen,65.95959596,6.785714286
Queen,66.06060606,6.607142857
Queen,66.16161616,6.464285714
Queen,66.26262626,6.285714286
Queen,66.36363636,6.142857143
Queen,66.46464646,5.964285714
Queen,66.56565657,5.821428571
Queen,66.66666667,5.678571429
Queen,66.76767677,5.571428571
Queen,66.86868687,5.464285714
Queen,66.96969697,5.357142857
Queen,67.07070707,5.25
Queen,67.17171717,5.142857143
Queen,67.27272727,5.035714286
Queen,67.37373737,4.928571429
Queen,67.47474747,4.821428571
Queen,67.57575758,4.714285714
Queen,67.67676768,4.607142857
Queen,67.77777778,4.5
Queen,67.87878788,4.392857143
Queen,67.97979798,4.285714286
Queen,68.08080808,4.178571429
Queen,68.18181818,4.071428571
Queen,68.28282828,3.928571429
Queen,68.38383838,3.785714286
Queen,68.48484848,3.607142857
Queen,68.58585859,3.464285714
Queen,68.68686869,3.285714286
Queen,68.78787879,3.142857143
Queen,68.88888889,2.964285714
Queen,68.98989899,2.821428571
Queen,69.09090909,2.642857143
Queen,69.19191919,2.5
Queen,69.29292929,2.321428571
Queen,69.39393939,2.178571429
Queen,69.49494949,1.892857143
Queen,69.5959596,1.571428571
Queen,69.6969697,1.25
Queen,69.7979798,0.964285714
Queen,69.8989899,0.642857143
Queen,70,0.321428571
